<DBTransporter Version="3.0">
  <Header>
    <Parameter Name="Display">LOCALHOST\\OneIM</Parameter>
    <Parameter Name="Edition">STE</Parameter>
    <Parameter Name="Version">9.0</Parameter>
    <Parameter Name="DBSystem">MSSQL</Parameter>
    <Parameter Name="DBServer">DC01</Parameter>
    <Parameter Name="DBName">OneIM</Parameter>
    <Parameter Name="UserDisplay">Paul</Parameter>
    <Parameter Name="UserName">Paul</Parameter>
    <Parameter Name="ExportDate">2022-09-09 13:17:52</Parameter>
    <Parameter Name="Description">Scripts and processes to process log in events from OneLogin</Parameter>
    <Parameter Name="Parts">Common</Parameter>
    <Parameter Name="Modules">CCC,QBM</Parameter>
  </Header>
  <Tasks>
    <Task Class="VI.Transport.TagTransport, VI.Transport" Display="TagTransport">
      <Parameter Name="Costs">S0|C53|D0</Parameter>
      <Parameter Name="TaskPath">TagTransport</Parameter>
      <Parameter Name="LockTags">False</Parameter>
      <Parameter Name="UseRelations">True</Parameter>
    </Task>
  </Tasks>
  <Modules>
    <Module Id="CCC" Name="Customer configured content" Version="9.0.0.100" />
    <Module Id="QBM" Name="Configuration Module" Version="9.0.0.100" />
  </Modules>
</DBTransporter>