﻿<DbObjects><DbObject Display="PersonHasESet.CCC_LastUsedDate" Version="2"><Key><Table Name="QBMCustomSQL" Display="PersonHasESet.CCC_LastUsedDate" Key="CCC-752BCB88BA72A92C30AF6DA547DF372A"><Prop Name="UID_QBMCustomSQL"><Value>CCC-752BCB88BA72A92C30AF6DA547DF372A</Value></Prop></Table></Key><Columns><Column Name="Remarks"><Value /></Column><Column Name="ScriptCode" Display="exec QBM_PColumnAdd 'PersonHasESet', 'CCC_LastUsedDate', 'datetime NULL'"><Value>exec QBM_PColumnAdd 'PersonHasESet', 'CCC_LastUsedDate', 'datetime NULL'</Value></Column><Column Name="ScriptName" Display="PersonHasESet.CCC_LastUsedDate"><Value>PersonHasESet.CCC_LastUsedDate</Value></Column><Column Name="ScriptType" Display="Column"><Value>C</Value></Column><Column Name="SortOrder" Display="0"><Value>0</Value></Column><Column Name="UID_QBMCustomSQL" Display="CCC-752BCB88BA72A92C30AF6DA547DF372A"><Value>CCC-752BCB88BA72A92C30AF6DA547DF372A</Value></Column><Column Name="XDateInserted" Display="12/7/2021 6:36:28 AM"><Value>2021-12-07T12:36:28.5900000Z</Value></Column><Column Name="XDateUpdated" Display="8/4/2022 11:48:50 AM"><Value>2022-08-04T16:48:50.0330000Z</Value></Column><Column Name="XObjectKey" Display="&lt;Key&gt;&lt;T&gt;QBMCustomSQL&lt;/T&gt;&lt;P&gt;CCC-752BCB88BA72A92C30AF6DA547DF372A&lt;/P&gt;&lt;/Key&gt;"><Value>&lt;Key&gt;&lt;T&gt;QBMCustomSQL&lt;/T&gt;&lt;P&gt;CCC-752BCB88BA72A92C30AF6DA547DF372A&lt;/P&gt;&lt;/Key&gt;</Value></Column><Column Name="XTouched" Display="I"><Value>I</Value></Column><Column Name="XUserInserted" Display="Paul"><Value>Paul</Value></Column><Column Name="XUserUpdated" Display="Paul"><Value>Paul</Value></Column></Columns></DbObject><DbObject Display="OLGUserHasOLGApplication.CCC_LastUsedDate" Version="2"><Key><Table Name="QBMCustomSQL" Display="OLGUserHasOLGApplication.CCC_LastUsedDate" Key="CCC-D7844E0ACDD423D8166253474FEFC98A"><Prop Name="UID_QBMCustomSQL"><Value>CCC-D7844E0ACDD423D8166253474FEFC98A</Value></Prop></Table></Key><Columns><Column Name="Remarks"><Value /></Column><Column Name="ScriptCode" Display="exec QBM_PColumnAdd 'OLGUserHasOLGApplication', 'CCC_LastUsedDate', 'datetime NULL'"><Value>exec QBM_PColumnAdd 'OLGUserHasOLGApplication', 'CCC_LastUsedDate', 'datetime NULL'</Value></Column><Column Name="ScriptName" Display="OLGUserHasOLGApplication.CCC_LastUsedDate"><Value>OLGUserHasOLGApplication.CCC_LastUsedDate</Value></Column><Column Name="ScriptType" Display="Column"><Value>C</Value></Column><Column Name="SortOrder" Display="0"><Value>0</Value></Column><Column Name="UID_QBMCustomSQL" Display="CCC-D7844E0ACDD423D8166253474FEFC98A"><Value>CCC-D7844E0ACDD423D8166253474FEFC98A</Value></Column><Column Name="XDateInserted" Display="7/22/2022 6:25:38 AM"><Value>2022-07-22T11:25:38.7300000Z</Value></Column><Column Name="XDateUpdated" Display="8/4/2022 11:49:18 AM"><Value>2022-08-04T16:49:18.2500000Z</Value></Column><Column Name="XObjectKey" Display="&lt;Key&gt;&lt;T&gt;QBMCustomSQL&lt;/T&gt;&lt;P&gt;CCC-D7844E0ACDD423D8166253474FEFC98A&lt;/P&gt;&lt;/Key&gt;"><Value>&lt;Key&gt;&lt;T&gt;QBMCustomSQL&lt;/T&gt;&lt;P&gt;CCC-D7844E0ACDD423D8166253474FEFC98A&lt;/P&gt;&lt;/Key&gt;</Value></Column><Column Name="XTouched" Display="I"><Value>I</Value></Column><Column Name="XUserInserted" Display="Paul"><Value>Paul</Value></Column><Column Name="XUserUpdated" Display="Paul"><Value>Paul</Value></Column></Columns></DbObject></DbObjects>