﻿<!DOCTYPE ObjectContainer>
<Container>
   <BaseObject><Key>
  <Table Name="DialogTag" Display="OneLogin Schema Extension" Key="CCC-9F51B23A5AF9934E8BCC488F03F471EC">
    <Prop Name="UID_DialogTag">
      <Value>CCC-9F51B23A5AF9934E8BCC488F03F471EC</Value>
    </Prop>
  </Table>
</Key></BaseObject>
   <DeleteResiduals>true</DeleteResiduals>
   <Relations>
      <Relation Table="DialogTaggedItem" Column="UID_DialogTag" Direction="Both" />
      <Relation Table="QBMTaggedChange" Column="UID_DialogTag" Direction="Both" />
   </Relations>
   <DbObjects>
      <DbObject Display="OneLogin Schema Extension" Version="2">
         <Key>
            <Table Name="DialogTag" Display="OneLogin Schema Extension" Key="CCC-9F51B23A5AF9934E8BCC488F03F471EC">
               <Prop Name="UID_DialogTag">
                  <Value>CCC-9F51B23A5AF9934E8BCC488F03F471EC</Value>
               </Prop>
            </Table>
         </Key>
         <Columns>
            <Column Name="Ident_DialogTag" Display="OneLogin Schema Extension">
               <Value>OneLogin Schema Extension</Value>
            </Column>
            <Column Name="IsClosed" Display="False">
               <Value>False</Value>
            </Column>
            <Column Name="TagType" Display="Change">
               <Value>CHANGE</Value>
            </Column>
            <Column Name="UID_DialogTag" Display="CCC-9F51B23A5AF9934E8BCC488F03F471EC">
               <Value>CCC-9F51B23A5AF9934E8BCC488F03F471EC</Value>
            </Column>
            <Column Name="UID_DialogTagParent">
               <Value />
            </Column>
            <Column Name="XMarkedForDeletion">
               <Value>0</Value>
            </Column>
         </Columns>
      </DbObject>
      <DbObject Display="CCC-9F51B23A5AF9934E8BCC488F03F471EC - &lt;Key&gt;&lt;T&gt;DialogColumn&lt;/T&gt;&lt;P&gt;CCC-24CBC6B0674BC743A740165F2EB62788&lt;/P&gt;&lt;/Key&gt;" Version="2">
         <Key>
            <Table Name="QBMTaggedChange" Display="CCC-9F51B23A5AF9934E8BCC488F03F471EC - &lt;Key&gt;&lt;T&gt;DialogColumn&lt;/T&gt;&lt;P&gt;CCC-24CBC6B0674BC743A740165F2EB62788&lt;/P&gt;&lt;/Key&gt;" Key="CCC-79410955B43AA84E90C1A5D94C23E246">
               <Prop Name="UID_QBMTaggedChange">
                  <Value>CCC-79410955B43AA84E90C1A5D94C23E246</Value>
               </Prop>
            </Table>
         </Key>
         <Columns>
            <Column Name="ChangeContent" Display="&lt;Diff&gt;&lt;Data State=&quot;None&quot; /&gt;&lt;Op Columnname=&quot;Caption&quot; Type=&quot;Value&quot; ValType=&quot;String&quot; AlreadyApplied=&quot;True&quot;&gt;&lt;OldValue /&gt;&lt;Value&gt;CCC_LastUsedDate&lt;/Value&gt;&lt;/Op&gt;&lt;Op Columnname=&quot;ColumnName&quot; Type=&quot;Value&quot; ValType=&quot;String&quot; AlreadyApplied=&quot;True&quot;&gt;&lt;OldValue /&gt;&lt;Value&gt;CCC_LastUsedDate&lt;/Value&gt;&lt;/Op&gt;&lt;Op Columnname=&quot;DataType&quot; Type=&quot;Value&quot; ValType=&quot;Int&quot; AlreadyApplied=&quot;True&quot;&gt;&lt;OldValue&gt;0&lt;/OldValue&gt;&lt;Value&gt;5&lt;/Value&gt;&lt;/Op&gt;&lt;Op Columnname=&quot;IsCustomConfigurable&quot; Type=&quot;Value&quot; ValType=&quot;Bool&quot; AlreadyApplied=&quot;True&quot;&gt;&lt;OldValue&gt;False&lt;/OldValue&gt;&lt;Value&gt;True&lt;/Value&gt;&lt;/Op&gt;&lt;Op Columnname=&quot;SortOrder&quot; Type=&quot;Value&quot; ValType=&quot;Int&quot; AlreadyApplied=&quot;True&quot;&gt;&lt;OldValue&gt;0&lt;/OldValue&gt;&lt;Value&gt;1&lt;/Value&gt;&lt;/Op&gt;&lt;Op Columnname=&quot;UID_DialogColumn&quot; Type=&quot;Value&quot; ValType=&quot;String&quot; AlreadyApplied=&quot;True&quot;&gt;&lt;OldValue /&gt;&lt;Value&gt;CCC-24CBC6B0674BC743A740165F2EB62788&lt;/Value&gt;&lt;/Op&gt;&lt;Op Columnname=&quot;UID_DialogTable&quot; Type=&quot;Value&quot; ValType=&quot;String&quot; AlreadyApplied=&quot;True&quot;&gt;&lt;OldValue /&gt;&lt;Value&gt;QER-T-PersonHasESet&lt;/Value&gt;&lt;/Op&gt;&lt;/Diff&gt;">
               <Value>&lt;Diff&gt;&lt;Data State="None" /&gt;&lt;Op Columnname="Caption" Type="Value" ValType="String" AlreadyApplied="True"&gt;&lt;OldValue /&gt;&lt;Value&gt;CCC_LastUsedDate&lt;/Value&gt;&lt;/Op&gt;&lt;Op Columnname="ColumnName" Type="Value" ValType="String" AlreadyApplied="True"&gt;&lt;OldValue /&gt;&lt;Value&gt;CCC_LastUsedDate&lt;/Value&gt;&lt;/Op&gt;&lt;Op Columnname="DataType" Type="Value" ValType="Int" AlreadyApplied="True"&gt;&lt;OldValue&gt;0&lt;/OldValue&gt;&lt;Value&gt;5&lt;/Value&gt;&lt;/Op&gt;&lt;Op Columnname="IsCustomConfigurable" Type="Value" ValType="Bool" AlreadyApplied="True"&gt;&lt;OldValue&gt;False&lt;/OldValue&gt;&lt;Value&gt;True&lt;/Value&gt;&lt;/Op&gt;&lt;Op Columnname="SortOrder" Type="Value" ValType="Int" AlreadyApplied="True"&gt;&lt;OldValue&gt;0&lt;/OldValue&gt;&lt;Value&gt;1&lt;/Value&gt;&lt;/Op&gt;&lt;Op Columnname="UID_DialogColumn" Type="Value" ValType="String" AlreadyApplied="True"&gt;&lt;OldValue /&gt;&lt;Value&gt;CCC-24CBC6B0674BC743A740165F2EB62788&lt;/Value&gt;&lt;/Op&gt;&lt;Op Columnname="UID_DialogTable" Type="Value" ValType="String" AlreadyApplied="True"&gt;&lt;OldValue /&gt;&lt;Value&gt;QER-T-PersonHasESet&lt;/Value&gt;&lt;/Op&gt;&lt;/Diff&gt;</Value>
            </Column>
            <Column Name="ObjectKey" Display="&lt;Key&gt;&lt;T&gt;DialogColumn&lt;/T&gt;&lt;P&gt;CCC-24CBC6B0674BC743A740165F2EB62788&lt;/P&gt;&lt;/Key&gt;">
               <Value>&lt;Key&gt;&lt;T&gt;DialogColumn&lt;/T&gt;&lt;P&gt;CCC-24CBC6B0674BC743A740165F2EB62788&lt;/P&gt;&lt;/Key&gt;</Value>
            </Column>
            <Column Name="SortOrder" Display="2816561307582464">
               <Value>2816561307582464</Value>
            </Column>
            <Column Name="UID_DialogTag" Display="CCC-9F51B23A5AF9934E8BCC488F03F471EC">
               <Key>
                  <Table Name="DialogTag" Display="OneLogin Schema Extension" Key="CCC-9F51B23A5AF9934E8BCC488F03F471EC">
                     <Prop Name="UID_DialogTag">
                        <Value>CCC-9F51B23A5AF9934E8BCC488F03F471EC</Value>
                     </Prop>
                  </Table>
               </Key>
            </Column>
            <Column Name="UID_QBMTaggedChange" Display="CCC-79410955B43AA84E90C1A5D94C23E246">
               <Value>CCC-79410955B43AA84E90C1A5D94C23E246</Value>
            </Column>
            <Column Name="XDateInserted" Display="8/4/2022 4:48:52 PM">
               <Value>2022-08-04T21:48:52.0230000Z</Value>
            </Column>
            <Column Name="XDateUpdated" Display="8/4/2022 4:48:52 PM">
               <Value>2022-08-04T21:48:52.0230000Z</Value>
            </Column>
            <Column Name="XMarkedForDeletion">
               <Value>0</Value>
            </Column>
            <Column Name="XObjectKey" Display="&lt;Key&gt;&lt;T&gt;QBMTaggedChange&lt;/T&gt;&lt;P&gt;CCC-79410955B43AA84E90C1A5D94C23E246&lt;/P&gt;&lt;/Key&gt;">
               <Value>&lt;Key&gt;&lt;T&gt;QBMTaggedChange&lt;/T&gt;&lt;P&gt;CCC-79410955B43AA84E90C1A5D94C23E246&lt;/P&gt;&lt;/Key&gt;</Value>
            </Column>
            <Column Name="XTouched">
               <Value />
            </Column>
            <Column Name="XUserInserted" Display="Paul">
               <Value>Paul</Value>
            </Column>
            <Column Name="XUserUpdated" Display="Paul">
               <Value>Paul</Value>
            </Column>
         </Columns>
      </DbObject>
      <DbObject Display="CCC-9F51B23A5AF9934E8BCC488F03F471EC - &lt;Key&gt;&lt;T&gt;DialogColumn&lt;/T&gt;&lt;P&gt;CCC-5F5305166416154A89A162976095FF03&lt;/P&gt;&lt;/Key&gt;" Version="2">
         <Key>
            <Table Name="QBMTaggedChange" Display="CCC-9F51B23A5AF9934E8BCC488F03F471EC - &lt;Key&gt;&lt;T&gt;DialogColumn&lt;/T&gt;&lt;P&gt;CCC-5F5305166416154A89A162976095FF03&lt;/P&gt;&lt;/Key&gt;" Key="CCC-24A0D5A60062FA409233E3D88E19AE08">
               <Prop Name="UID_QBMTaggedChange">
                  <Value>CCC-24A0D5A60062FA409233E3D88E19AE08</Value>
               </Prop>
            </Table>
         </Key>
         <Columns>
            <Column Name="ChangeContent" Display="&lt;Diff&gt;&lt;Data State=&quot;None&quot; /&gt;&lt;Op Columnname=&quot;Caption&quot; Type=&quot;Value&quot; ValType=&quot;String&quot; AlreadyApplied=&quot;True&quot;&gt;&lt;OldValue /&gt;&lt;Value&gt;Last used on&lt;/Value&gt;&lt;/Op&gt;&lt;Op Columnname=&quot;ColumnName&quot; Type=&quot;Value&quot; ValType=&quot;String&quot; AlreadyApplied=&quot;True&quot;&gt;&lt;OldValue /&gt;&lt;Value&gt;CCC_LastUsedDate&lt;/Value&gt;&lt;/Op&gt;&lt;Op Columnname=&quot;DataType&quot; Type=&quot;Value&quot; ValType=&quot;Int&quot; AlreadyApplied=&quot;True&quot;&gt;&lt;OldValue&gt;0&lt;/OldValue&gt;&lt;Value&gt;5&lt;/Value&gt;&lt;/Op&gt;&lt;Op Columnname=&quot;IsCustomConfigurable&quot; Type=&quot;Value&quot; ValType=&quot;Bool&quot; AlreadyApplied=&quot;True&quot;&gt;&lt;OldValue&gt;False&lt;/OldValue&gt;&lt;Value&gt;True&lt;/Value&gt;&lt;/Op&gt;&lt;Op Columnname=&quot;SortOrder&quot; Type=&quot;Value&quot; ValType=&quot;Int&quot; AlreadyApplied=&quot;True&quot;&gt;&lt;OldValue&gt;0&lt;/OldValue&gt;&lt;Value&gt;1&lt;/Value&gt;&lt;/Op&gt;&lt;Op Columnname=&quot;UID_DialogColumn&quot; Type=&quot;Value&quot; ValType=&quot;String&quot; AlreadyApplied=&quot;True&quot;&gt;&lt;OldValue /&gt;&lt;Value&gt;CCC-5F5305166416154A89A162976095FF03&lt;/Value&gt;&lt;/Op&gt;&lt;Op Columnname=&quot;UID_DialogTable&quot; Type=&quot;Value&quot; ValType=&quot;String&quot; AlreadyApplied=&quot;True&quot;&gt;&lt;OldValue /&gt;&lt;Value&gt;OLG-T-OLGUserHasOLGApplication&lt;/Value&gt;&lt;/Op&gt;&lt;/Diff&gt;">
               <Value>&lt;Diff&gt;&lt;Data State="None" /&gt;&lt;Op Columnname="Caption" Type="Value" ValType="String" AlreadyApplied="True"&gt;&lt;OldValue /&gt;&lt;Value&gt;Last used on&lt;/Value&gt;&lt;/Op&gt;&lt;Op Columnname="ColumnName" Type="Value" ValType="String" AlreadyApplied="True"&gt;&lt;OldValue /&gt;&lt;Value&gt;CCC_LastUsedDate&lt;/Value&gt;&lt;/Op&gt;&lt;Op Columnname="DataType" Type="Value" ValType="Int" AlreadyApplied="True"&gt;&lt;OldValue&gt;0&lt;/OldValue&gt;&lt;Value&gt;5&lt;/Value&gt;&lt;/Op&gt;&lt;Op Columnname="IsCustomConfigurable" Type="Value" ValType="Bool" AlreadyApplied="True"&gt;&lt;OldValue&gt;False&lt;/OldValue&gt;&lt;Value&gt;True&lt;/Value&gt;&lt;/Op&gt;&lt;Op Columnname="SortOrder" Type="Value" ValType="Int" AlreadyApplied="True"&gt;&lt;OldValue&gt;0&lt;/OldValue&gt;&lt;Value&gt;1&lt;/Value&gt;&lt;/Op&gt;&lt;Op Columnname="UID_DialogColumn" Type="Value" ValType="String" AlreadyApplied="True"&gt;&lt;OldValue /&gt;&lt;Value&gt;CCC-5F5305166416154A89A162976095FF03&lt;/Value&gt;&lt;/Op&gt;&lt;Op Columnname="UID_DialogTable" Type="Value" ValType="String" AlreadyApplied="True"&gt;&lt;OldValue /&gt;&lt;Value&gt;OLG-T-OLGUserHasOLGApplication&lt;/Value&gt;&lt;/Op&gt;&lt;/Diff&gt;</Value>
            </Column>
            <Column Name="ObjectKey" Display="&lt;Key&gt;&lt;T&gt;DialogColumn&lt;/T&gt;&lt;P&gt;CCC-5F5305166416154A89A162976095FF03&lt;/P&gt;&lt;/Key&gt;">
               <Value>&lt;Key&gt;&lt;T&gt;DialogColumn&lt;/T&gt;&lt;P&gt;CCC-5F5305166416154A89A162976095FF03&lt;/P&gt;&lt;/Key&gt;</Value>
            </Column>
            <Column Name="SortOrder" Display="2809530025181184">
               <Value>2809530025181184</Value>
            </Column>
            <Column Name="UID_DialogTag" Display="CCC-9F51B23A5AF9934E8BCC488F03F471EC">
               <Key>
                  <Table Name="DialogTag" Display="OneLogin Schema Extension" Key="CCC-9F51B23A5AF9934E8BCC488F03F471EC">
                     <Prop Name="UID_DialogTag">
                        <Value>CCC-9F51B23A5AF9934E8BCC488F03F471EC</Value>
                     </Prop>
                  </Table>
               </Key>
            </Column>
            <Column Name="UID_QBMTaggedChange" Display="CCC-24A0D5A60062FA409233E3D88E19AE08">
               <Value>CCC-24A0D5A60062FA409233E3D88E19AE08</Value>
            </Column>
            <Column Name="XDateInserted" Display="7/27/2022 1:30:03 PM">
               <Value>2022-07-27T18:30:03.8500000Z</Value>
            </Column>
            <Column Name="XDateUpdated" Display="7/27/2022 1:30:03 PM">
               <Value>2022-07-27T18:30:03.8500000Z</Value>
            </Column>
            <Column Name="XMarkedForDeletion">
               <Value>0</Value>
            </Column>
            <Column Name="XObjectKey" Display="&lt;Key&gt;&lt;T&gt;QBMTaggedChange&lt;/T&gt;&lt;P&gt;CCC-24A0D5A60062FA409233E3D88E19AE08&lt;/P&gt;&lt;/Key&gt;">
               <Value>&lt;Key&gt;&lt;T&gt;QBMTaggedChange&lt;/T&gt;&lt;P&gt;CCC-24A0D5A60062FA409233E3D88E19AE08&lt;/P&gt;&lt;/Key&gt;</Value>
            </Column>
            <Column Name="XTouched">
               <Value />
            </Column>
            <Column Name="XUserInserted" Display="Paul">
               <Value>Paul</Value>
            </Column>
            <Column Name="XUserUpdated" Display="Paul">
               <Value>Paul</Value>
            </Column>
         </Columns>
      </DbObject>
      <DbObject Display="CCC-9F51B23A5AF9934E8BCC488F03F471EC - &lt;Key&gt;&lt;T&gt;DialogColumnGroupRight&lt;/T&gt;&lt;P&gt;CCC-24CBC6B0674BC743A740165F2EB62788&lt;/P&gt;&lt;P&gt;CCC-3AC94E38B132CD4080A0824DA750E14F&lt;/P&gt;&lt;/Key&gt;" Version="2">
         <Key>
            <Table Name="QBMTaggedChange" Display="CCC-9F51B23A5AF9934E8BCC488F03F471EC - &lt;Key&gt;&lt;T&gt;DialogColumnGroupRight&lt;/T&gt;&lt;P&gt;CCC-24CBC6B0674BC743A740165F2EB62788&lt;/P&gt;&lt;P&gt;CCC-3AC94E38B132CD4080A0824DA750E14F&lt;/P&gt;&lt;/Key&gt;" Key="CCC-9B0254092FAEE84A8C9DC382E414C396">
               <Prop Name="UID_QBMTaggedChange">
                  <Value>CCC-9B0254092FAEE84A8C9DC382E414C396</Value>
               </Prop>
            </Table>
         </Key>
         <Columns>
            <Column Name="ChangeContent" Display="&lt;Diff&gt;&lt;Data State=&quot;None&quot; /&gt;&lt;Op Columnname=&quot;CanEdit&quot; Type=&quot;Value&quot; ValType=&quot;Bool&quot; AlreadyApplied=&quot;True&quot;&gt;&lt;OldValue&gt;False&lt;/OldValue&gt;&lt;Value&gt;True&lt;/Value&gt;&lt;/Op&gt;&lt;Op Columnname=&quot;UID_DialogColumn&quot; Type=&quot;Value&quot; ValType=&quot;String&quot; AlreadyApplied=&quot;True&quot;&gt;&lt;OldValue /&gt;&lt;Value&gt;CCC-24CBC6B0674BC743A740165F2EB62788&lt;/Value&gt;&lt;/Op&gt;&lt;Op Columnname=&quot;UID_DialogGroup&quot; Type=&quot;Value&quot; ValType=&quot;String&quot; AlreadyApplied=&quot;True&quot;&gt;&lt;OldValue /&gt;&lt;Value&gt;CCC-3AC94E38B132CD4080A0824DA750E14F&lt;/Value&gt;&lt;/Op&gt;&lt;/Diff&gt;">
               <Value>&lt;Diff&gt;&lt;Data State="None" /&gt;&lt;Op Columnname="CanEdit" Type="Value" ValType="Bool" AlreadyApplied="True"&gt;&lt;OldValue&gt;False&lt;/OldValue&gt;&lt;Value&gt;True&lt;/Value&gt;&lt;/Op&gt;&lt;Op Columnname="UID_DialogColumn" Type="Value" ValType="String" AlreadyApplied="True"&gt;&lt;OldValue /&gt;&lt;Value&gt;CCC-24CBC6B0674BC743A740165F2EB62788&lt;/Value&gt;&lt;/Op&gt;&lt;Op Columnname="UID_DialogGroup" Type="Value" ValType="String" AlreadyApplied="True"&gt;&lt;OldValue /&gt;&lt;Value&gt;CCC-3AC94E38B132CD4080A0824DA750E14F&lt;/Value&gt;&lt;/Op&gt;&lt;/Diff&gt;</Value>
            </Column>
            <Column Name="ObjectKey" Display="&lt;Key&gt;&lt;T&gt;DialogColumnGroupRight&lt;/T&gt;&lt;P&gt;CCC-24CBC6B0674BC743A740165F2EB62788&lt;/P&gt;&lt;P&gt;CCC-3AC94E38B132CD4080A0824DA750E14F&lt;/P&gt;&lt;/Key&gt;">
               <Value>&lt;Key&gt;&lt;T&gt;DialogColumnGroupRight&lt;/T&gt;&lt;P&gt;CCC-24CBC6B0674BC743A740165F2EB62788&lt;/P&gt;&lt;P&gt;CCC-3AC94E38B132CD4080A0824DA750E14F&lt;/P&gt;&lt;/Key&gt;</Value>
            </Column>
            <Column Name="SortOrder" Display="2816561323245576">
               <Value>2816561323245576</Value>
            </Column>
            <Column Name="UID_DialogTag" Display="CCC-9F51B23A5AF9934E8BCC488F03F471EC">
               <Key>
                  <Table Name="DialogTag" Display="OneLogin Schema Extension" Key="CCC-9F51B23A5AF9934E8BCC488F03F471EC">
                     <Prop Name="UID_DialogTag">
                        <Value>CCC-9F51B23A5AF9934E8BCC488F03F471EC</Value>
                     </Prop>
                  </Table>
               </Key>
            </Column>
            <Column Name="UID_QBMTaggedChange" Display="CCC-9B0254092FAEE84A8C9DC382E414C396">
               <Value>CCC-9B0254092FAEE84A8C9DC382E414C396</Value>
            </Column>
            <Column Name="XDateInserted" Display="8/4/2022 4:48:53 PM">
               <Value>2022-08-04T21:48:53.3970000Z</Value>
            </Column>
            <Column Name="XDateUpdated" Display="8/4/2022 4:48:53 PM">
               <Value>2022-08-04T21:48:53.3970000Z</Value>
            </Column>
            <Column Name="XMarkedForDeletion">
               <Value>0</Value>
            </Column>
            <Column Name="XObjectKey" Display="&lt;Key&gt;&lt;T&gt;QBMTaggedChange&lt;/T&gt;&lt;P&gt;CCC-9B0254092FAEE84A8C9DC382E414C396&lt;/P&gt;&lt;/Key&gt;">
               <Value>&lt;Key&gt;&lt;T&gt;QBMTaggedChange&lt;/T&gt;&lt;P&gt;CCC-9B0254092FAEE84A8C9DC382E414C396&lt;/P&gt;&lt;/Key&gt;</Value>
            </Column>
            <Column Name="XTouched">
               <Value />
            </Column>
            <Column Name="XUserInserted" Display="Paul">
               <Value>Paul</Value>
            </Column>
            <Column Name="XUserUpdated" Display="Paul">
               <Value>Paul</Value>
            </Column>
         </Columns>
      </DbObject>
      <DbObject Display="CCC-9F51B23A5AF9934E8BCC488F03F471EC - &lt;Key&gt;&lt;T&gt;DialogColumnGroupRight&lt;/T&gt;&lt;P&gt;CCC-24CBC6B0674BC743A740165F2EB62788&lt;/P&gt;&lt;P&gt;CCC-3B3D68DF9AD7ABDE15B1474FEB59C6C2&lt;/P&gt;&lt;/Key&gt;" Version="2">
         <Key>
            <Table Name="QBMTaggedChange" Display="CCC-9F51B23A5AF9934E8BCC488F03F471EC - &lt;Key&gt;&lt;T&gt;DialogColumnGroupRight&lt;/T&gt;&lt;P&gt;CCC-24CBC6B0674BC743A740165F2EB62788&lt;/P&gt;&lt;P&gt;CCC-3B3D68DF9AD7ABDE15B1474FEB59C6C2&lt;/P&gt;&lt;/Key&gt;" Key="CCC-90475FF9316B0549A9156E79CF9D7299">
               <Prop Name="UID_QBMTaggedChange">
                  <Value>CCC-90475FF9316B0549A9156E79CF9D7299</Value>
               </Prop>
            </Table>
         </Key>
         <Columns>
            <Column Name="ChangeContent" Display="&lt;Diff&gt;&lt;Data State=&quot;None&quot; /&gt;&lt;Op Columnname=&quot;CanSee&quot; Type=&quot;Value&quot; ValType=&quot;Bool&quot; AlreadyApplied=&quot;True&quot;&gt;&lt;OldValue&gt;False&lt;/OldValue&gt;&lt;Value&gt;True&lt;/Value&gt;&lt;/Op&gt;&lt;Op Columnname=&quot;UID_DialogColumn&quot; Type=&quot;Value&quot; ValType=&quot;String&quot; AlreadyApplied=&quot;True&quot;&gt;&lt;OldValue /&gt;&lt;Value&gt;CCC-24CBC6B0674BC743A740165F2EB62788&lt;/Value&gt;&lt;/Op&gt;&lt;Op Columnname=&quot;UID_DialogGroup&quot; Type=&quot;Value&quot; ValType=&quot;String&quot; AlreadyApplied=&quot;True&quot;&gt;&lt;OldValue /&gt;&lt;Value&gt;CCC-3B3D68DF9AD7ABDE15B1474FEB59C6C2&lt;/Value&gt;&lt;/Op&gt;&lt;/Diff&gt;">
               <Value>&lt;Diff&gt;&lt;Data State="None" /&gt;&lt;Op Columnname="CanSee" Type="Value" ValType="Bool" AlreadyApplied="True"&gt;&lt;OldValue&gt;False&lt;/OldValue&gt;&lt;Value&gt;True&lt;/Value&gt;&lt;/Op&gt;&lt;Op Columnname="UID_DialogColumn" Type="Value" ValType="String" AlreadyApplied="True"&gt;&lt;OldValue /&gt;&lt;Value&gt;CCC-24CBC6B0674BC743A740165F2EB62788&lt;/Value&gt;&lt;/Op&gt;&lt;Op Columnname="UID_DialogGroup" Type="Value" ValType="String" AlreadyApplied="True"&gt;&lt;OldValue /&gt;&lt;Value&gt;CCC-3B3D68DF9AD7ABDE15B1474FEB59C6C2&lt;/Value&gt;&lt;/Op&gt;&lt;/Diff&gt;</Value>
            </Column>
            <Column Name="ObjectKey" Display="&lt;Key&gt;&lt;T&gt;DialogColumnGroupRight&lt;/T&gt;&lt;P&gt;CCC-24CBC6B0674BC743A740165F2EB62788&lt;/P&gt;&lt;P&gt;CCC-3B3D68DF9AD7ABDE15B1474FEB59C6C2&lt;/P&gt;&lt;/Key&gt;">
               <Value>&lt;Key&gt;&lt;T&gt;DialogColumnGroupRight&lt;/T&gt;&lt;P&gt;CCC-24CBC6B0674BC743A740165F2EB62788&lt;/P&gt;&lt;P&gt;CCC-3B3D68DF9AD7ABDE15B1474FEB59C6C2&lt;/P&gt;&lt;/Key&gt;</Value>
            </Column>
            <Column Name="SortOrder" Display="2816561323245574">
               <Value>2816561323245574</Value>
            </Column>
            <Column Name="UID_DialogTag" Display="CCC-9F51B23A5AF9934E8BCC488F03F471EC">
               <Key>
                  <Table Name="DialogTag" Display="OneLogin Schema Extension" Key="CCC-9F51B23A5AF9934E8BCC488F03F471EC">
                     <Prop Name="UID_DialogTag">
                        <Value>CCC-9F51B23A5AF9934E8BCC488F03F471EC</Value>
                     </Prop>
                  </Table>
               </Key>
            </Column>
            <Column Name="UID_QBMTaggedChange" Display="CCC-90475FF9316B0549A9156E79CF9D7299">
               <Value>CCC-90475FF9316B0549A9156E79CF9D7299</Value>
            </Column>
            <Column Name="XDateInserted" Display="8/4/2022 4:48:52 PM">
               <Value>2022-08-04T21:48:52.3200000Z</Value>
            </Column>
            <Column Name="XDateUpdated" Display="8/4/2022 4:48:52 PM">
               <Value>2022-08-04T21:48:52.3200000Z</Value>
            </Column>
            <Column Name="XMarkedForDeletion">
               <Value>0</Value>
            </Column>
            <Column Name="XObjectKey" Display="&lt;Key&gt;&lt;T&gt;QBMTaggedChange&lt;/T&gt;&lt;P&gt;CCC-90475FF9316B0549A9156E79CF9D7299&lt;/P&gt;&lt;/Key&gt;">
               <Value>&lt;Key&gt;&lt;T&gt;QBMTaggedChange&lt;/T&gt;&lt;P&gt;CCC-90475FF9316B0549A9156E79CF9D7299&lt;/P&gt;&lt;/Key&gt;</Value>
            </Column>
            <Column Name="XTouched">
               <Value />
            </Column>
            <Column Name="XUserInserted" Display="Paul">
               <Value>Paul</Value>
            </Column>
            <Column Name="XUserUpdated" Display="Paul">
               <Value>Paul</Value>
            </Column>
         </Columns>
      </DbObject>
      <DbObject Display="CCC-9F51B23A5AF9934E8BCC488F03F471EC - &lt;Key&gt;&lt;T&gt;DialogColumnGroupRight&lt;/T&gt;&lt;P&gt;CCC-24CBC6B0674BC743A740165F2EB62788&lt;/P&gt;&lt;P&gt;CCC-925C30BDB9A63C89EF4F28512BC91B49&lt;/P&gt;&lt;/Key&gt;" Version="2">
         <Key>
            <Table Name="QBMTaggedChange" Display="CCC-9F51B23A5AF9934E8BCC488F03F471EC - &lt;Key&gt;&lt;T&gt;DialogColumnGroupRight&lt;/T&gt;&lt;P&gt;CCC-24CBC6B0674BC743A740165F2EB62788&lt;/P&gt;&lt;P&gt;CCC-925C30BDB9A63C89EF4F28512BC91B49&lt;/P&gt;&lt;/Key&gt;" Key="CCC-7A3A2CBD05B1E84CB693F366D7EEBAE4">
               <Prop Name="UID_QBMTaggedChange">
                  <Value>CCC-7A3A2CBD05B1E84CB693F366D7EEBAE4</Value>
               </Prop>
            </Table>
         </Key>
         <Columns>
            <Column Name="ChangeContent" Display="&lt;Diff&gt;&lt;Data State=&quot;None&quot; /&gt;&lt;Op Columnname=&quot;CanSee&quot; Type=&quot;Value&quot; ValType=&quot;Bool&quot; AlreadyApplied=&quot;True&quot;&gt;&lt;OldValue&gt;False&lt;/OldValue&gt;&lt;Value&gt;True&lt;/Value&gt;&lt;/Op&gt;&lt;Op Columnname=&quot;UID_DialogColumn&quot; Type=&quot;Value&quot; ValType=&quot;String&quot; AlreadyApplied=&quot;True&quot;&gt;&lt;OldValue /&gt;&lt;Value&gt;CCC-24CBC6B0674BC743A740165F2EB62788&lt;/Value&gt;&lt;/Op&gt;&lt;Op Columnname=&quot;UID_DialogGroup&quot; Type=&quot;Value&quot; ValType=&quot;String&quot; AlreadyApplied=&quot;True&quot;&gt;&lt;OldValue /&gt;&lt;Value&gt;CCC-925C30BDB9A63C89EF4F28512BC91B49&lt;/Value&gt;&lt;/Op&gt;&lt;/Diff&gt;">
               <Value>&lt;Diff&gt;&lt;Data State="None" /&gt;&lt;Op Columnname="CanSee" Type="Value" ValType="Bool" AlreadyApplied="True"&gt;&lt;OldValue&gt;False&lt;/OldValue&gt;&lt;Value&gt;True&lt;/Value&gt;&lt;/Op&gt;&lt;Op Columnname="UID_DialogColumn" Type="Value" ValType="String" AlreadyApplied="True"&gt;&lt;OldValue /&gt;&lt;Value&gt;CCC-24CBC6B0674BC743A740165F2EB62788&lt;/Value&gt;&lt;/Op&gt;&lt;Op Columnname="UID_DialogGroup" Type="Value" ValType="String" AlreadyApplied="True"&gt;&lt;OldValue /&gt;&lt;Value&gt;CCC-925C30BDB9A63C89EF4F28512BC91B49&lt;/Value&gt;&lt;/Op&gt;&lt;/Diff&gt;</Value>
            </Column>
            <Column Name="ObjectKey" Display="&lt;Key&gt;&lt;T&gt;DialogColumnGroupRight&lt;/T&gt;&lt;P&gt;CCC-24CBC6B0674BC743A740165F2EB62788&lt;/P&gt;&lt;P&gt;CCC-925C30BDB9A63C89EF4F28512BC91B49&lt;/P&gt;&lt;/Key&gt;">
               <Value>&lt;Key&gt;&lt;T&gt;DialogColumnGroupRight&lt;/T&gt;&lt;P&gt;CCC-24CBC6B0674BC743A740165F2EB62788&lt;/P&gt;&lt;P&gt;CCC-925C30BDB9A63C89EF4F28512BC91B49&lt;/P&gt;&lt;/Key&gt;</Value>
            </Column>
            <Column Name="SortOrder" Display="2816561322917893">
               <Value>2816561322917893</Value>
            </Column>
            <Column Name="UID_DialogTag" Display="CCC-9F51B23A5AF9934E8BCC488F03F471EC">
               <Key>
                  <Table Name="DialogTag" Display="OneLogin Schema Extension" Key="CCC-9F51B23A5AF9934E8BCC488F03F471EC">
                     <Prop Name="UID_DialogTag">
                        <Value>CCC-9F51B23A5AF9934E8BCC488F03F471EC</Value>
                     </Prop>
                  </Table>
               </Key>
            </Column>
            <Column Name="UID_QBMTaggedChange" Display="CCC-7A3A2CBD05B1E84CB693F366D7EEBAE4">
               <Value>CCC-7A3A2CBD05B1E84CB693F366D7EEBAE4</Value>
            </Column>
            <Column Name="XDateInserted" Display="8/4/2022 4:48:52 PM">
               <Value>2022-08-04T21:48:52.2970000Z</Value>
            </Column>
            <Column Name="XDateUpdated" Display="8/4/2022 4:48:52 PM">
               <Value>2022-08-04T21:48:52.2970000Z</Value>
            </Column>
            <Column Name="XMarkedForDeletion">
               <Value>0</Value>
            </Column>
            <Column Name="XObjectKey" Display="&lt;Key&gt;&lt;T&gt;QBMTaggedChange&lt;/T&gt;&lt;P&gt;CCC-7A3A2CBD05B1E84CB693F366D7EEBAE4&lt;/P&gt;&lt;/Key&gt;">
               <Value>&lt;Key&gt;&lt;T&gt;QBMTaggedChange&lt;/T&gt;&lt;P&gt;CCC-7A3A2CBD05B1E84CB693F366D7EEBAE4&lt;/P&gt;&lt;/Key&gt;</Value>
            </Column>
            <Column Name="XTouched">
               <Value />
            </Column>
            <Column Name="XUserInserted" Display="Paul">
               <Value>Paul</Value>
            </Column>
            <Column Name="XUserUpdated" Display="Paul">
               <Value>Paul</Value>
            </Column>
         </Columns>
      </DbObject>
      <DbObject Display="CCC-9F51B23A5AF9934E8BCC488F03F471EC - &lt;Key&gt;&lt;T&gt;DialogColumnGroupRight&lt;/T&gt;&lt;P&gt;CCC-24CBC6B0674BC743A740165F2EB62788&lt;/P&gt;&lt;P&gt;CCC-EC7AC7AB947DA4956ABBD46787C75C02&lt;/P&gt;&lt;/Key&gt;" Version="2">
         <Key>
            <Table Name="QBMTaggedChange" Display="CCC-9F51B23A5AF9934E8BCC488F03F471EC - &lt;Key&gt;&lt;T&gt;DialogColumnGroupRight&lt;/T&gt;&lt;P&gt;CCC-24CBC6B0674BC743A740165F2EB62788&lt;/P&gt;&lt;P&gt;CCC-EC7AC7AB947DA4956ABBD46787C75C02&lt;/P&gt;&lt;/Key&gt;" Key="CCC-45B24CBF9A264849BCD856B3C694B70F">
               <Prop Name="UID_QBMTaggedChange">
                  <Value>CCC-45B24CBF9A264849BCD856B3C694B70F</Value>
               </Prop>
            </Table>
         </Key>
         <Columns>
            <Column Name="ChangeContent" Display="&lt;Diff&gt;&lt;Data State=&quot;None&quot; /&gt;&lt;Op Columnname=&quot;CanEdit&quot; Type=&quot;Value&quot; ValType=&quot;Bool&quot; AlreadyApplied=&quot;True&quot;&gt;&lt;OldValue&gt;False&lt;/OldValue&gt;&lt;Value&gt;True&lt;/Value&gt;&lt;/Op&gt;&lt;Op Columnname=&quot;UID_DialogColumn&quot; Type=&quot;Value&quot; ValType=&quot;String&quot; AlreadyApplied=&quot;True&quot;&gt;&lt;OldValue /&gt;&lt;Value&gt;CCC-24CBC6B0674BC743A740165F2EB62788&lt;/Value&gt;&lt;/Op&gt;&lt;Op Columnname=&quot;UID_DialogGroup&quot; Type=&quot;Value&quot; ValType=&quot;String&quot; AlreadyApplied=&quot;True&quot;&gt;&lt;OldValue /&gt;&lt;Value&gt;CCC-EC7AC7AB947DA4956ABBD46787C75C02&lt;/Value&gt;&lt;/Op&gt;&lt;/Diff&gt;">
               <Value>&lt;Diff&gt;&lt;Data State="None" /&gt;&lt;Op Columnname="CanEdit" Type="Value" ValType="Bool" AlreadyApplied="True"&gt;&lt;OldValue&gt;False&lt;/OldValue&gt;&lt;Value&gt;True&lt;/Value&gt;&lt;/Op&gt;&lt;Op Columnname="UID_DialogColumn" Type="Value" ValType="String" AlreadyApplied="True"&gt;&lt;OldValue /&gt;&lt;Value&gt;CCC-24CBC6B0674BC743A740165F2EB62788&lt;/Value&gt;&lt;/Op&gt;&lt;Op Columnname="UID_DialogGroup" Type="Value" ValType="String" AlreadyApplied="True"&gt;&lt;OldValue /&gt;&lt;Value&gt;CCC-EC7AC7AB947DA4956ABBD46787C75C02&lt;/Value&gt;&lt;/Op&gt;&lt;/Diff&gt;</Value>
            </Column>
            <Column Name="ObjectKey" Display="&lt;Key&gt;&lt;T&gt;DialogColumnGroupRight&lt;/T&gt;&lt;P&gt;CCC-24CBC6B0674BC743A740165F2EB62788&lt;/P&gt;&lt;P&gt;CCC-EC7AC7AB947DA4956ABBD46787C75C02&lt;/P&gt;&lt;/Key&gt;">
               <Value>&lt;Key&gt;&lt;T&gt;DialogColumnGroupRight&lt;/T&gt;&lt;P&gt;CCC-24CBC6B0674BC743A740165F2EB62788&lt;/P&gt;&lt;P&gt;CCC-EC7AC7AB947DA4956ABBD46787C75C02&lt;/P&gt;&lt;/Key&gt;</Value>
            </Column>
            <Column Name="SortOrder" Display="2816561323245575">
               <Value>2816561323245575</Value>
            </Column>
            <Column Name="UID_DialogTag" Display="CCC-9F51B23A5AF9934E8BCC488F03F471EC">
               <Key>
                  <Table Name="DialogTag" Display="OneLogin Schema Extension" Key="CCC-9F51B23A5AF9934E8BCC488F03F471EC">
                     <Prop Name="UID_DialogTag">
                        <Value>CCC-9F51B23A5AF9934E8BCC488F03F471EC</Value>
                     </Prop>
                  </Table>
               </Key>
            </Column>
            <Column Name="UID_QBMTaggedChange" Display="CCC-45B24CBF9A264849BCD856B3C694B70F">
               <Value>CCC-45B24CBF9A264849BCD856B3C694B70F</Value>
            </Column>
            <Column Name="XDateInserted" Display="8/4/2022 4:48:52 PM">
               <Value>2022-08-04T21:48:52.3270000Z</Value>
            </Column>
            <Column Name="XDateUpdated" Display="8/4/2022 4:48:52 PM">
               <Value>2022-08-04T21:48:52.3270000Z</Value>
            </Column>
            <Column Name="XMarkedForDeletion">
               <Value>0</Value>
            </Column>
            <Column Name="XObjectKey" Display="&lt;Key&gt;&lt;T&gt;QBMTaggedChange&lt;/T&gt;&lt;P&gt;CCC-45B24CBF9A264849BCD856B3C694B70F&lt;/P&gt;&lt;/Key&gt;">
               <Value>&lt;Key&gt;&lt;T&gt;QBMTaggedChange&lt;/T&gt;&lt;P&gt;CCC-45B24CBF9A264849BCD856B3C694B70F&lt;/P&gt;&lt;/Key&gt;</Value>
            </Column>
            <Column Name="XTouched">
               <Value />
            </Column>
            <Column Name="XUserInserted" Display="Paul">
               <Value>Paul</Value>
            </Column>
            <Column Name="XUserUpdated" Display="Paul">
               <Value>Paul</Value>
            </Column>
         </Columns>
      </DbObject>
      <DbObject Display="CCC-9F51B23A5AF9934E8BCC488F03F471EC - &lt;Key&gt;&lt;T&gt;DialogColumnGroupRight&lt;/T&gt;&lt;P&gt;CCC-5F5305166416154A89A162976095FF03&lt;/P&gt;&lt;P&gt;CCC-3AC94E38B132CD4080A0824DA750E14F&lt;/P&gt;&lt;/Key&gt;" Version="2">
         <Key>
            <Table Name="QBMTaggedChange" Display="CCC-9F51B23A5AF9934E8BCC488F03F471EC - &lt;Key&gt;&lt;T&gt;DialogColumnGroupRight&lt;/T&gt;&lt;P&gt;CCC-5F5305166416154A89A162976095FF03&lt;/P&gt;&lt;P&gt;CCC-3AC94E38B132CD4080A0824DA750E14F&lt;/P&gt;&lt;/Key&gt;" Key="CCC-AD7466B8924F98478C1A91EC707804A3">
               <Prop Name="UID_QBMTaggedChange">
                  <Value>CCC-AD7466B8924F98478C1A91EC707804A3</Value>
               </Prop>
            </Table>
         </Key>
         <Columns>
            <Column Name="ChangeContent" Display="&lt;Diff&gt;&lt;Data State=&quot;None&quot; /&gt;&lt;Op Columnname=&quot;CanEdit&quot; Type=&quot;Value&quot; ValType=&quot;Bool&quot; AlreadyApplied=&quot;True&quot;&gt;&lt;OldValue&gt;False&lt;/OldValue&gt;&lt;Value&gt;True&lt;/Value&gt;&lt;/Op&gt;&lt;Op Columnname=&quot;UID_DialogColumn&quot; Type=&quot;Value&quot; ValType=&quot;String&quot; AlreadyApplied=&quot;True&quot;&gt;&lt;OldValue /&gt;&lt;Value&gt;CCC-5F5305166416154A89A162976095FF03&lt;/Value&gt;&lt;/Op&gt;&lt;Op Columnname=&quot;UID_DialogGroup&quot; Type=&quot;Value&quot; ValType=&quot;String&quot; AlreadyApplied=&quot;True&quot;&gt;&lt;OldValue /&gt;&lt;Value&gt;CCC-3AC94E38B132CD4080A0824DA750E14F&lt;/Value&gt;&lt;/Op&gt;&lt;/Diff&gt;">
               <Value>&lt;Diff&gt;&lt;Data State="None" /&gt;&lt;Op Columnname="CanEdit" Type="Value" ValType="Bool" AlreadyApplied="True"&gt;&lt;OldValue&gt;False&lt;/OldValue&gt;&lt;Value&gt;True&lt;/Value&gt;&lt;/Op&gt;&lt;Op Columnname="UID_DialogColumn" Type="Value" ValType="String" AlreadyApplied="True"&gt;&lt;OldValue /&gt;&lt;Value&gt;CCC-5F5305166416154A89A162976095FF03&lt;/Value&gt;&lt;/Op&gt;&lt;Op Columnname="UID_DialogGroup" Type="Value" ValType="String" AlreadyApplied="True"&gt;&lt;OldValue /&gt;&lt;Value&gt;CCC-3AC94E38B132CD4080A0824DA750E14F&lt;/Value&gt;&lt;/Op&gt;&lt;/Diff&gt;</Value>
            </Column>
            <Column Name="ObjectKey" Display="&lt;Key&gt;&lt;T&gt;DialogColumnGroupRight&lt;/T&gt;&lt;P&gt;CCC-5F5305166416154A89A162976095FF03&lt;/P&gt;&lt;P&gt;CCC-3AC94E38B132CD4080A0824DA750E14F&lt;/P&gt;&lt;/Key&gt;">
               <Value>&lt;Key&gt;&lt;T&gt;DialogColumnGroupRight&lt;/T&gt;&lt;P&gt;CCC-5F5305166416154A89A162976095FF03&lt;/P&gt;&lt;P&gt;CCC-3AC94E38B132CD4080A0824DA750E14F&lt;/P&gt;&lt;/Key&gt;</Value>
            </Column>
            <Column Name="SortOrder" Display="2809530041237512">
               <Value>2809530041237512</Value>
            </Column>
            <Column Name="UID_DialogTag" Display="CCC-9F51B23A5AF9934E8BCC488F03F471EC">
               <Key>
                  <Table Name="DialogTag" Display="OneLogin Schema Extension" Key="CCC-9F51B23A5AF9934E8BCC488F03F471EC">
                     <Prop Name="UID_DialogTag">
                        <Value>CCC-9F51B23A5AF9934E8BCC488F03F471EC</Value>
                     </Prop>
                  </Table>
               </Key>
            </Column>
            <Column Name="UID_QBMTaggedChange" Display="CCC-AD7466B8924F98478C1A91EC707804A3">
               <Value>CCC-AD7466B8924F98478C1A91EC707804A3</Value>
            </Column>
            <Column Name="XDateInserted" Display="7/27/2022 1:30:05 PM">
               <Value>2022-07-27T18:30:05.2870000Z</Value>
            </Column>
            <Column Name="XDateUpdated" Display="7/27/2022 1:30:05 PM">
               <Value>2022-07-27T18:30:05.2870000Z</Value>
            </Column>
            <Column Name="XMarkedForDeletion">
               <Value>0</Value>
            </Column>
            <Column Name="XObjectKey" Display="&lt;Key&gt;&lt;T&gt;QBMTaggedChange&lt;/T&gt;&lt;P&gt;CCC-AD7466B8924F98478C1A91EC707804A3&lt;/P&gt;&lt;/Key&gt;">
               <Value>&lt;Key&gt;&lt;T&gt;QBMTaggedChange&lt;/T&gt;&lt;P&gt;CCC-AD7466B8924F98478C1A91EC707804A3&lt;/P&gt;&lt;/Key&gt;</Value>
            </Column>
            <Column Name="XTouched">
               <Value />
            </Column>
            <Column Name="XUserInserted" Display="Paul">
               <Value>Paul</Value>
            </Column>
            <Column Name="XUserUpdated" Display="Paul">
               <Value>Paul</Value>
            </Column>
         </Columns>
      </DbObject>
      <DbObject Display="CCC-9F51B23A5AF9934E8BCC488F03F471EC - &lt;Key&gt;&lt;T&gt;DialogColumnGroupRight&lt;/T&gt;&lt;P&gt;CCC-5F5305166416154A89A162976095FF03&lt;/P&gt;&lt;P&gt;CCC-3B3D68DF9AD7ABDE15B1474FEB59C6C2&lt;/P&gt;&lt;/Key&gt;" Version="2">
         <Key>
            <Table Name="QBMTaggedChange" Display="CCC-9F51B23A5AF9934E8BCC488F03F471EC - &lt;Key&gt;&lt;T&gt;DialogColumnGroupRight&lt;/T&gt;&lt;P&gt;CCC-5F5305166416154A89A162976095FF03&lt;/P&gt;&lt;P&gt;CCC-3B3D68DF9AD7ABDE15B1474FEB59C6C2&lt;/P&gt;&lt;/Key&gt;" Key="CCC-E5E3458060EBAA48B453BE9FC152FCD0">
               <Prop Name="UID_QBMTaggedChange">
                  <Value>CCC-E5E3458060EBAA48B453BE9FC152FCD0</Value>
               </Prop>
            </Table>
         </Key>
         <Columns>
            <Column Name="ChangeContent" Display="&lt;Diff&gt;&lt;Data State=&quot;None&quot; /&gt;&lt;Op Columnname=&quot;CanSee&quot; Type=&quot;Value&quot; ValType=&quot;Bool&quot; AlreadyApplied=&quot;True&quot;&gt;&lt;OldValue&gt;False&lt;/OldValue&gt;&lt;Value&gt;True&lt;/Value&gt;&lt;/Op&gt;&lt;Op Columnname=&quot;UID_DialogColumn&quot; Type=&quot;Value&quot; ValType=&quot;String&quot; AlreadyApplied=&quot;True&quot;&gt;&lt;OldValue /&gt;&lt;Value&gt;CCC-5F5305166416154A89A162976095FF03&lt;/Value&gt;&lt;/Op&gt;&lt;Op Columnname=&quot;UID_DialogGroup&quot; Type=&quot;Value&quot; ValType=&quot;String&quot; AlreadyApplied=&quot;True&quot;&gt;&lt;OldValue /&gt;&lt;Value&gt;CCC-3B3D68DF9AD7ABDE15B1474FEB59C6C2&lt;/Value&gt;&lt;/Op&gt;&lt;/Diff&gt;">
               <Value>&lt;Diff&gt;&lt;Data State="None" /&gt;&lt;Op Columnname="CanSee" Type="Value" ValType="Bool" AlreadyApplied="True"&gt;&lt;OldValue&gt;False&lt;/OldValue&gt;&lt;Value&gt;True&lt;/Value&gt;&lt;/Op&gt;&lt;Op Columnname="UID_DialogColumn" Type="Value" ValType="String" AlreadyApplied="True"&gt;&lt;OldValue /&gt;&lt;Value&gt;CCC-5F5305166416154A89A162976095FF03&lt;/Value&gt;&lt;/Op&gt;&lt;Op Columnname="UID_DialogGroup" Type="Value" ValType="String" AlreadyApplied="True"&gt;&lt;OldValue /&gt;&lt;Value&gt;CCC-3B3D68DF9AD7ABDE15B1474FEB59C6C2&lt;/Value&gt;&lt;/Op&gt;&lt;/Diff&gt;</Value>
            </Column>
            <Column Name="ObjectKey" Display="&lt;Key&gt;&lt;T&gt;DialogColumnGroupRight&lt;/T&gt;&lt;P&gt;CCC-5F5305166416154A89A162976095FF03&lt;/P&gt;&lt;P&gt;CCC-3B3D68DF9AD7ABDE15B1474FEB59C6C2&lt;/P&gt;&lt;/Key&gt;">
               <Value>&lt;Key&gt;&lt;T&gt;DialogColumnGroupRight&lt;/T&gt;&lt;P&gt;CCC-5F5305166416154A89A162976095FF03&lt;/P&gt;&lt;P&gt;CCC-3B3D68DF9AD7ABDE15B1474FEB59C6C2&lt;/P&gt;&lt;/Key&gt;</Value>
            </Column>
            <Column Name="SortOrder" Display="2809530040975366">
               <Value>2809530040975366</Value>
            </Column>
            <Column Name="UID_DialogTag" Display="CCC-9F51B23A5AF9934E8BCC488F03F471EC">
               <Key>
                  <Table Name="DialogTag" Display="OneLogin Schema Extension" Key="CCC-9F51B23A5AF9934E8BCC488F03F471EC">
                     <Prop Name="UID_DialogTag">
                        <Value>CCC-9F51B23A5AF9934E8BCC488F03F471EC</Value>
                     </Prop>
                  </Table>
               </Key>
            </Column>
            <Column Name="UID_QBMTaggedChange" Display="CCC-E5E3458060EBAA48B453BE9FC152FCD0">
               <Value>CCC-E5E3458060EBAA48B453BE9FC152FCD0</Value>
            </Column>
            <Column Name="XDateInserted" Display="7/27/2022 1:30:04 PM">
               <Value>2022-07-27T18:30:04.1030000Z</Value>
            </Column>
            <Column Name="XDateUpdated" Display="7/27/2022 1:30:04 PM">
               <Value>2022-07-27T18:30:04.1030000Z</Value>
            </Column>
            <Column Name="XMarkedForDeletion">
               <Value>0</Value>
            </Column>
            <Column Name="XObjectKey" Display="&lt;Key&gt;&lt;T&gt;QBMTaggedChange&lt;/T&gt;&lt;P&gt;CCC-E5E3458060EBAA48B453BE9FC152FCD0&lt;/P&gt;&lt;/Key&gt;">
               <Value>&lt;Key&gt;&lt;T&gt;QBMTaggedChange&lt;/T&gt;&lt;P&gt;CCC-E5E3458060EBAA48B453BE9FC152FCD0&lt;/P&gt;&lt;/Key&gt;</Value>
            </Column>
            <Column Name="XTouched">
               <Value />
            </Column>
            <Column Name="XUserInserted" Display="Paul">
               <Value>Paul</Value>
            </Column>
            <Column Name="XUserUpdated" Display="Paul">
               <Value>Paul</Value>
            </Column>
         </Columns>
      </DbObject>
      <DbObject Display="CCC-9F51B23A5AF9934E8BCC488F03F471EC - &lt;Key&gt;&lt;T&gt;DialogColumnGroupRight&lt;/T&gt;&lt;P&gt;CCC-5F5305166416154A89A162976095FF03&lt;/P&gt;&lt;P&gt;CCC-925C30BDB9A63C89EF4F28512BC91B49&lt;/P&gt;&lt;/Key&gt;" Version="2">
         <Key>
            <Table Name="QBMTaggedChange" Display="CCC-9F51B23A5AF9934E8BCC488F03F471EC - &lt;Key&gt;&lt;T&gt;DialogColumnGroupRight&lt;/T&gt;&lt;P&gt;CCC-5F5305166416154A89A162976095FF03&lt;/P&gt;&lt;P&gt;CCC-925C30BDB9A63C89EF4F28512BC91B49&lt;/P&gt;&lt;/Key&gt;" Key="CCC-0E7E105F16A61047B74484E0728754E2">
               <Prop Name="UID_QBMTaggedChange">
                  <Value>CCC-0E7E105F16A61047B74484E0728754E2</Value>
               </Prop>
            </Table>
         </Key>
         <Columns>
            <Column Name="ChangeContent" Display="&lt;Diff&gt;&lt;Data State=&quot;None&quot; /&gt;&lt;Op Columnname=&quot;CanSee&quot; Type=&quot;Value&quot; ValType=&quot;Bool&quot; AlreadyApplied=&quot;True&quot;&gt;&lt;OldValue&gt;False&lt;/OldValue&gt;&lt;Value&gt;True&lt;/Value&gt;&lt;/Op&gt;&lt;Op Columnname=&quot;UID_DialogColumn&quot; Type=&quot;Value&quot; ValType=&quot;String&quot; AlreadyApplied=&quot;True&quot;&gt;&lt;OldValue /&gt;&lt;Value&gt;CCC-5F5305166416154A89A162976095FF03&lt;/Value&gt;&lt;/Op&gt;&lt;Op Columnname=&quot;UID_DialogGroup&quot; Type=&quot;Value&quot; ValType=&quot;String&quot; AlreadyApplied=&quot;True&quot;&gt;&lt;OldValue /&gt;&lt;Value&gt;CCC-925C30BDB9A63C89EF4F28512BC91B49&lt;/Value&gt;&lt;/Op&gt;&lt;/Diff&gt;">
               <Value>&lt;Diff&gt;&lt;Data State="None" /&gt;&lt;Op Columnname="CanSee" Type="Value" ValType="Bool" AlreadyApplied="True"&gt;&lt;OldValue&gt;False&lt;/OldValue&gt;&lt;Value&gt;True&lt;/Value&gt;&lt;/Op&gt;&lt;Op Columnname="UID_DialogColumn" Type="Value" ValType="String" AlreadyApplied="True"&gt;&lt;OldValue /&gt;&lt;Value&gt;CCC-5F5305166416154A89A162976095FF03&lt;/Value&gt;&lt;/Op&gt;&lt;Op Columnname="UID_DialogGroup" Type="Value" ValType="String" AlreadyApplied="True"&gt;&lt;OldValue /&gt;&lt;Value&gt;CCC-925C30BDB9A63C89EF4F28512BC91B49&lt;/Value&gt;&lt;/Op&gt;&lt;/Diff&gt;</Value>
            </Column>
            <Column Name="ObjectKey" Display="&lt;Key&gt;&lt;T&gt;DialogColumnGroupRight&lt;/T&gt;&lt;P&gt;CCC-5F5305166416154A89A162976095FF03&lt;/P&gt;&lt;P&gt;CCC-925C30BDB9A63C89EF4F28512BC91B49&lt;/P&gt;&lt;/Key&gt;">
               <Value>&lt;Key&gt;&lt;T&gt;DialogColumnGroupRight&lt;/T&gt;&lt;P&gt;CCC-5F5305166416154A89A162976095FF03&lt;/P&gt;&lt;P&gt;CCC-925C30BDB9A63C89EF4F28512BC91B49&lt;/P&gt;&lt;/Key&gt;</Value>
            </Column>
            <Column Name="SortOrder" Display="2809530040647685">
               <Value>2809530040647685</Value>
            </Column>
            <Column Name="UID_DialogTag" Display="CCC-9F51B23A5AF9934E8BCC488F03F471EC">
               <Key>
                  <Table Name="DialogTag" Display="OneLogin Schema Extension" Key="CCC-9F51B23A5AF9934E8BCC488F03F471EC">
                     <Prop Name="UID_DialogTag">
                        <Value>CCC-9F51B23A5AF9934E8BCC488F03F471EC</Value>
                     </Prop>
                  </Table>
               </Key>
            </Column>
            <Column Name="UID_QBMTaggedChange" Display="CCC-0E7E105F16A61047B74484E0728754E2">
               <Value>CCC-0E7E105F16A61047B74484E0728754E2</Value>
            </Column>
            <Column Name="XDateInserted" Display="7/27/2022 1:30:04 PM">
               <Value>2022-07-27T18:30:04.0670000Z</Value>
            </Column>
            <Column Name="XDateUpdated" Display="7/27/2022 1:30:04 PM">
               <Value>2022-07-27T18:30:04.0670000Z</Value>
            </Column>
            <Column Name="XMarkedForDeletion">
               <Value>0</Value>
            </Column>
            <Column Name="XObjectKey" Display="&lt;Key&gt;&lt;T&gt;QBMTaggedChange&lt;/T&gt;&lt;P&gt;CCC-0E7E105F16A61047B74484E0728754E2&lt;/P&gt;&lt;/Key&gt;">
               <Value>&lt;Key&gt;&lt;T&gt;QBMTaggedChange&lt;/T&gt;&lt;P&gt;CCC-0E7E105F16A61047B74484E0728754E2&lt;/P&gt;&lt;/Key&gt;</Value>
            </Column>
            <Column Name="XTouched">
               <Value />
            </Column>
            <Column Name="XUserInserted" Display="Paul">
               <Value>Paul</Value>
            </Column>
            <Column Name="XUserUpdated" Display="Paul">
               <Value>Paul</Value>
            </Column>
         </Columns>
      </DbObject>
      <DbObject Display="CCC-9F51B23A5AF9934E8BCC488F03F471EC - &lt;Key&gt;&lt;T&gt;DialogColumnGroupRight&lt;/T&gt;&lt;P&gt;CCC-5F5305166416154A89A162976095FF03&lt;/P&gt;&lt;P&gt;CCC-EC7AC7AB947DA4956ABBD46787C75C02&lt;/P&gt;&lt;/Key&gt;" Version="2">
         <Key>
            <Table Name="QBMTaggedChange" Display="CCC-9F51B23A5AF9934E8BCC488F03F471EC - &lt;Key&gt;&lt;T&gt;DialogColumnGroupRight&lt;/T&gt;&lt;P&gt;CCC-5F5305166416154A89A162976095FF03&lt;/P&gt;&lt;P&gt;CCC-EC7AC7AB947DA4956ABBD46787C75C02&lt;/P&gt;&lt;/Key&gt;" Key="CCC-BE5A83D3926C7349A31DF810B47725CE">
               <Prop Name="UID_QBMTaggedChange">
                  <Value>CCC-BE5A83D3926C7349A31DF810B47725CE</Value>
               </Prop>
            </Table>
         </Key>
         <Columns>
            <Column Name="ChangeContent" Display="&lt;Diff&gt;&lt;Data State=&quot;None&quot; /&gt;&lt;Op Columnname=&quot;CanEdit&quot; Type=&quot;Value&quot; ValType=&quot;Bool&quot; AlreadyApplied=&quot;True&quot;&gt;&lt;OldValue&gt;False&lt;/OldValue&gt;&lt;Value&gt;True&lt;/Value&gt;&lt;/Op&gt;&lt;Op Columnname=&quot;UID_DialogColumn&quot; Type=&quot;Value&quot; ValType=&quot;String&quot; AlreadyApplied=&quot;True&quot;&gt;&lt;OldValue /&gt;&lt;Value&gt;CCC-5F5305166416154A89A162976095FF03&lt;/Value&gt;&lt;/Op&gt;&lt;Op Columnname=&quot;UID_DialogGroup&quot; Type=&quot;Value&quot; ValType=&quot;String&quot; AlreadyApplied=&quot;True&quot;&gt;&lt;OldValue /&gt;&lt;Value&gt;CCC-EC7AC7AB947DA4956ABBD46787C75C02&lt;/Value&gt;&lt;/Op&gt;&lt;/Diff&gt;">
               <Value>&lt;Diff&gt;&lt;Data State="None" /&gt;&lt;Op Columnname="CanEdit" Type="Value" ValType="Bool" AlreadyApplied="True"&gt;&lt;OldValue&gt;False&lt;/OldValue&gt;&lt;Value&gt;True&lt;/Value&gt;&lt;/Op&gt;&lt;Op Columnname="UID_DialogColumn" Type="Value" ValType="String" AlreadyApplied="True"&gt;&lt;OldValue /&gt;&lt;Value&gt;CCC-5F5305166416154A89A162976095FF03&lt;/Value&gt;&lt;/Op&gt;&lt;Op Columnname="UID_DialogGroup" Type="Value" ValType="String" AlreadyApplied="True"&gt;&lt;OldValue /&gt;&lt;Value&gt;CCC-EC7AC7AB947DA4956ABBD46787C75C02&lt;/Value&gt;&lt;/Op&gt;&lt;/Diff&gt;</Value>
            </Column>
            <Column Name="ObjectKey" Display="&lt;Key&gt;&lt;T&gt;DialogColumnGroupRight&lt;/T&gt;&lt;P&gt;CCC-5F5305166416154A89A162976095FF03&lt;/P&gt;&lt;P&gt;CCC-EC7AC7AB947DA4956ABBD46787C75C02&lt;/P&gt;&lt;/Key&gt;">
               <Value>&lt;Key&gt;&lt;T&gt;DialogColumnGroupRight&lt;/T&gt;&lt;P&gt;CCC-5F5305166416154A89A162976095FF03&lt;/P&gt;&lt;P&gt;CCC-EC7AC7AB947DA4956ABBD46787C75C02&lt;/P&gt;&lt;/Key&gt;</Value>
            </Column>
            <Column Name="SortOrder" Display="2809530041040903">
               <Value>2809530041040903</Value>
            </Column>
            <Column Name="UID_DialogTag" Display="CCC-9F51B23A5AF9934E8BCC488F03F471EC">
               <Key>
                  <Table Name="DialogTag" Display="OneLogin Schema Extension" Key="CCC-9F51B23A5AF9934E8BCC488F03F471EC">
                     <Prop Name="UID_DialogTag">
                        <Value>CCC-9F51B23A5AF9934E8BCC488F03F471EC</Value>
                     </Prop>
                  </Table>
               </Key>
            </Column>
            <Column Name="UID_QBMTaggedChange" Display="CCC-BE5A83D3926C7349A31DF810B47725CE">
               <Value>CCC-BE5A83D3926C7349A31DF810B47725CE</Value>
            </Column>
            <Column Name="XDateInserted" Display="7/27/2022 1:30:04 PM">
               <Value>2022-07-27T18:30:04.1100000Z</Value>
            </Column>
            <Column Name="XDateUpdated" Display="7/27/2022 1:30:04 PM">
               <Value>2022-07-27T18:30:04.1100000Z</Value>
            </Column>
            <Column Name="XMarkedForDeletion">
               <Value>0</Value>
            </Column>
            <Column Name="XObjectKey" Display="&lt;Key&gt;&lt;T&gt;QBMTaggedChange&lt;/T&gt;&lt;P&gt;CCC-BE5A83D3926C7349A31DF810B47725CE&lt;/P&gt;&lt;/Key&gt;">
               <Value>&lt;Key&gt;&lt;T&gt;QBMTaggedChange&lt;/T&gt;&lt;P&gt;CCC-BE5A83D3926C7349A31DF810B47725CE&lt;/P&gt;&lt;/Key&gt;</Value>
            </Column>
            <Column Name="XTouched">
               <Value />
            </Column>
            <Column Name="XUserInserted" Display="Paul">
               <Value>Paul</Value>
            </Column>
            <Column Name="XUserUpdated" Display="Paul">
               <Value>Paul</Value>
            </Column>
         </Columns>
      </DbObject>
      <DbObject Display="CCC-9F51B23A5AF9934E8BCC488F03F471EC - &lt;Key&gt;&lt;T&gt;DialogTableGroupRight&lt;/T&gt;&lt;P&gt;CCC-3AC94E38B132CD4080A0824DA750E14F&lt;/P&gt;&lt;P&gt;OLG-T-OLGUserHasOLGApplication&lt;/P&gt;&lt;/Key&gt;" Version="2">
         <Key>
            <Table Name="QBMTaggedChange" Display="CCC-9F51B23A5AF9934E8BCC488F03F471EC - &lt;Key&gt;&lt;T&gt;DialogTableGroupRight&lt;/T&gt;&lt;P&gt;CCC-3AC94E38B132CD4080A0824DA750E14F&lt;/P&gt;&lt;P&gt;OLG-T-OLGUserHasOLGApplication&lt;/P&gt;&lt;/Key&gt;" Key="CCC-7F2958B672392C4E8063EE99294782A8">
               <Prop Name="UID_QBMTaggedChange">
                  <Value>CCC-7F2958B672392C4E8063EE99294782A8</Value>
               </Prop>
            </Table>
         </Key>
         <Columns>
            <Column Name="ChangeContent" Display="&lt;Diff&gt;&lt;Data State=&quot;None&quot; /&gt;&lt;Op Columnname=&quot;CanEdit&quot; Type=&quot;Value&quot; ValType=&quot;Bool&quot; AlreadyApplied=&quot;True&quot;&gt;&lt;OldValue&gt;False&lt;/OldValue&gt;&lt;Value&gt;True&lt;/Value&gt;&lt;/Op&gt;&lt;Op Columnname=&quot;UID_DialogGroup&quot; Type=&quot;Value&quot; ValType=&quot;String&quot; AlreadyApplied=&quot;True&quot;&gt;&lt;OldValue /&gt;&lt;Value&gt;CCC-3AC94E38B132CD4080A0824DA750E14F&lt;/Value&gt;&lt;/Op&gt;&lt;Op Columnname=&quot;UID_DialogTable&quot; Type=&quot;Value&quot; ValType=&quot;String&quot; AlreadyApplied=&quot;True&quot;&gt;&lt;OldValue /&gt;&lt;Value&gt;OLG-T-OLGUserHasOLGApplication&lt;/Value&gt;&lt;/Op&gt;&lt;/Diff&gt;">
               <Value>&lt;Diff&gt;&lt;Data State="None" /&gt;&lt;Op Columnname="CanEdit" Type="Value" ValType="Bool" AlreadyApplied="True"&gt;&lt;OldValue&gt;False&lt;/OldValue&gt;&lt;Value&gt;True&lt;/Value&gt;&lt;/Op&gt;&lt;Op Columnname="UID_DialogGroup" Type="Value" ValType="String" AlreadyApplied="True"&gt;&lt;OldValue /&gt;&lt;Value&gt;CCC-3AC94E38B132CD4080A0824DA750E14F&lt;/Value&gt;&lt;/Op&gt;&lt;Op Columnname="UID_DialogTable" Type="Value" ValType="String" AlreadyApplied="True"&gt;&lt;OldValue /&gt;&lt;Value&gt;OLG-T-OLGUserHasOLGApplication&lt;/Value&gt;&lt;/Op&gt;&lt;/Diff&gt;</Value>
            </Column>
            <Column Name="ObjectKey" Display="&lt;Key&gt;&lt;T&gt;DialogTableGroupRight&lt;/T&gt;&lt;P&gt;CCC-3AC94E38B132CD4080A0824DA750E14F&lt;/P&gt;&lt;P&gt;OLG-T-OLGUserHasOLGApplication&lt;/P&gt;&lt;/Key&gt;">
               <Value>&lt;Key&gt;&lt;T&gt;DialogTableGroupRight&lt;/T&gt;&lt;P&gt;CCC-3AC94E38B132CD4080A0824DA750E14F&lt;/P&gt;&lt;P&gt;OLG-T-OLGUserHasOLGApplication&lt;/P&gt;&lt;/Key&gt;</Value>
            </Column>
            <Column Name="SortOrder" Display="2809530039926788">
               <Value>2809530039926788</Value>
            </Column>
            <Column Name="UID_DialogTag" Display="CCC-9F51B23A5AF9934E8BCC488F03F471EC">
               <Key>
                  <Table Name="DialogTag" Display="OneLogin Schema Extension" Key="CCC-9F51B23A5AF9934E8BCC488F03F471EC">
                     <Prop Name="UID_DialogTag">
                        <Value>CCC-9F51B23A5AF9934E8BCC488F03F471EC</Value>
                     </Prop>
                  </Table>
               </Key>
            </Column>
            <Column Name="UID_QBMTaggedChange" Display="CCC-7F2958B672392C4E8063EE99294782A8">
               <Value>CCC-7F2958B672392C4E8063EE99294782A8</Value>
            </Column>
            <Column Name="XDateInserted" Display="7/27/2022 1:30:04 PM">
               <Value>2022-07-27T18:30:04.0670000Z</Value>
            </Column>
            <Column Name="XDateUpdated" Display="7/27/2022 1:30:04 PM">
               <Value>2022-07-27T18:30:04.0670000Z</Value>
            </Column>
            <Column Name="XMarkedForDeletion">
               <Value>0</Value>
            </Column>
            <Column Name="XObjectKey" Display="&lt;Key&gt;&lt;T&gt;QBMTaggedChange&lt;/T&gt;&lt;P&gt;CCC-7F2958B672392C4E8063EE99294782A8&lt;/P&gt;&lt;/Key&gt;">
               <Value>&lt;Key&gt;&lt;T&gt;QBMTaggedChange&lt;/T&gt;&lt;P&gt;CCC-7F2958B672392C4E8063EE99294782A8&lt;/P&gt;&lt;/Key&gt;</Value>
            </Column>
            <Column Name="XTouched">
               <Value />
            </Column>
            <Column Name="XUserInserted" Display="Paul">
               <Value>Paul</Value>
            </Column>
            <Column Name="XUserUpdated" Display="Paul">
               <Value>Paul</Value>
            </Column>
         </Columns>
      </DbObject>
      <DbObject Display="CCC-9F51B23A5AF9934E8BCC488F03F471EC - &lt;Key&gt;&lt;T&gt;DialogTableGroupRight&lt;/T&gt;&lt;P&gt;CCC-3AC94E38B132CD4080A0824DA750E14F&lt;/P&gt;&lt;P&gt;QER-T-PersonHasESet&lt;/P&gt;&lt;/Key&gt;" Version="2">
         <Key>
            <Table Name="QBMTaggedChange" Display="CCC-9F51B23A5AF9934E8BCC488F03F471EC - &lt;Key&gt;&lt;T&gt;DialogTableGroupRight&lt;/T&gt;&lt;P&gt;CCC-3AC94E38B132CD4080A0824DA750E14F&lt;/P&gt;&lt;P&gt;QER-T-PersonHasESet&lt;/P&gt;&lt;/Key&gt;" Key="CCC-B307E192FCE63846B710AFD0F08F8542">
               <Prop Name="UID_QBMTaggedChange">
                  <Value>CCC-B307E192FCE63846B710AFD0F08F8542</Value>
               </Prop>
            </Table>
         </Key>
         <Columns>
            <Column Name="ChangeContent" Display="&lt;Diff&gt;&lt;Data State=&quot;None&quot; /&gt;&lt;Op Columnname=&quot;CanEdit&quot; Type=&quot;Value&quot; ValType=&quot;Bool&quot; AlreadyApplied=&quot;True&quot;&gt;&lt;OldValue&gt;False&lt;/OldValue&gt;&lt;Value&gt;True&lt;/Value&gt;&lt;/Op&gt;&lt;Op Columnname=&quot;UID_DialogGroup&quot; Type=&quot;Value&quot; ValType=&quot;String&quot; AlreadyApplied=&quot;True&quot;&gt;&lt;OldValue /&gt;&lt;Value&gt;CCC-3AC94E38B132CD4080A0824DA750E14F&lt;/Value&gt;&lt;/Op&gt;&lt;Op Columnname=&quot;UID_DialogTable&quot; Type=&quot;Value&quot; ValType=&quot;String&quot; AlreadyApplied=&quot;True&quot;&gt;&lt;OldValue /&gt;&lt;Value&gt;QER-T-PersonHasESet&lt;/Value&gt;&lt;/Op&gt;&lt;/Diff&gt;">
               <Value>&lt;Diff&gt;&lt;Data State="None" /&gt;&lt;Op Columnname="CanEdit" Type="Value" ValType="Bool" AlreadyApplied="True"&gt;&lt;OldValue&gt;False&lt;/OldValue&gt;&lt;Value&gt;True&lt;/Value&gt;&lt;/Op&gt;&lt;Op Columnname="UID_DialogGroup" Type="Value" ValType="String" AlreadyApplied="True"&gt;&lt;OldValue /&gt;&lt;Value&gt;CCC-3AC94E38B132CD4080A0824DA750E14F&lt;/Value&gt;&lt;/Op&gt;&lt;Op Columnname="UID_DialogTable" Type="Value" ValType="String" AlreadyApplied="True"&gt;&lt;OldValue /&gt;&lt;Value&gt;QER-T-PersonHasESet&lt;/Value&gt;&lt;/Op&gt;&lt;/Diff&gt;</Value>
            </Column>
            <Column Name="ObjectKey" Display="&lt;Key&gt;&lt;T&gt;DialogTableGroupRight&lt;/T&gt;&lt;P&gt;CCC-3AC94E38B132CD4080A0824DA750E14F&lt;/P&gt;&lt;P&gt;QER-T-PersonHasESet&lt;/P&gt;&lt;/Key&gt;">
               <Value>&lt;Key&gt;&lt;T&gt;DialogTableGroupRight&lt;/T&gt;&lt;P&gt;CCC-3AC94E38B132CD4080A0824DA750E14F&lt;/P&gt;&lt;P&gt;QER-T-PersonHasESet&lt;/P&gt;&lt;/Key&gt;</Value>
            </Column>
            <Column Name="SortOrder" Display="2816561322131460">
               <Value>2816561322131460</Value>
            </Column>
            <Column Name="UID_DialogTag" Display="CCC-9F51B23A5AF9934E8BCC488F03F471EC">
               <Key>
                  <Table Name="DialogTag" Display="OneLogin Schema Extension" Key="CCC-9F51B23A5AF9934E8BCC488F03F471EC">
                     <Prop Name="UID_DialogTag">
                        <Value>CCC-9F51B23A5AF9934E8BCC488F03F471EC</Value>
                     </Prop>
                  </Table>
               </Key>
            </Column>
            <Column Name="UID_QBMTaggedChange" Display="CCC-B307E192FCE63846B710AFD0F08F8542">
               <Value>CCC-B307E192FCE63846B710AFD0F08F8542</Value>
            </Column>
            <Column Name="XDateInserted" Display="8/4/2022 4:48:52 PM">
               <Value>2022-08-04T21:48:52.2930000Z</Value>
            </Column>
            <Column Name="XDateUpdated" Display="8/4/2022 4:48:52 PM">
               <Value>2022-08-04T21:48:52.2930000Z</Value>
            </Column>
            <Column Name="XMarkedForDeletion">
               <Value>0</Value>
            </Column>
            <Column Name="XObjectKey" Display="&lt;Key&gt;&lt;T&gt;QBMTaggedChange&lt;/T&gt;&lt;P&gt;CCC-B307E192FCE63846B710AFD0F08F8542&lt;/P&gt;&lt;/Key&gt;">
               <Value>&lt;Key&gt;&lt;T&gt;QBMTaggedChange&lt;/T&gt;&lt;P&gt;CCC-B307E192FCE63846B710AFD0F08F8542&lt;/P&gt;&lt;/Key&gt;</Value>
            </Column>
            <Column Name="XTouched">
               <Value />
            </Column>
            <Column Name="XUserInserted" Display="Paul">
               <Value>Paul</Value>
            </Column>
            <Column Name="XUserUpdated" Display="Paul">
               <Value>Paul</Value>
            </Column>
         </Columns>
      </DbObject>
      <DbObject Display="CCC-9F51B23A5AF9934E8BCC488F03F471EC - &lt;Key&gt;&lt;T&gt;DialogTableGroupRight&lt;/T&gt;&lt;P&gt;CCC-3B3D68DF9AD7ABDE15B1474FEB59C6C2&lt;/P&gt;&lt;P&gt;OLG-T-OLGUserHasOLGApplication&lt;/P&gt;&lt;/Key&gt;" Version="2">
         <Key>
            <Table Name="QBMTaggedChange" Display="CCC-9F51B23A5AF9934E8BCC488F03F471EC - &lt;Key&gt;&lt;T&gt;DialogTableGroupRight&lt;/T&gt;&lt;P&gt;CCC-3B3D68DF9AD7ABDE15B1474FEB59C6C2&lt;/P&gt;&lt;P&gt;OLG-T-OLGUserHasOLGApplication&lt;/P&gt;&lt;/Key&gt;" Key="CCC-A85763CAA1192A4D9FDAC2D5C24E94E1">
               <Prop Name="UID_QBMTaggedChange">
                  <Value>CCC-A85763CAA1192A4D9FDAC2D5C24E94E1</Value>
               </Prop>
            </Table>
         </Key>
         <Columns>
            <Column Name="ChangeContent" Display="&lt;Diff&gt;&lt;Data State=&quot;None&quot; /&gt;&lt;Op Columnname=&quot;CanSee&quot; Type=&quot;Value&quot; ValType=&quot;Bool&quot; AlreadyApplied=&quot;True&quot;&gt;&lt;OldValue&gt;False&lt;/OldValue&gt;&lt;Value&gt;True&lt;/Value&gt;&lt;/Op&gt;&lt;Op Columnname=&quot;UID_DialogGroup&quot; Type=&quot;Value&quot; ValType=&quot;String&quot; AlreadyApplied=&quot;True&quot;&gt;&lt;OldValue /&gt;&lt;Value&gt;CCC-3B3D68DF9AD7ABDE15B1474FEB59C6C2&lt;/Value&gt;&lt;/Op&gt;&lt;Op Columnname=&quot;UID_DialogTable&quot; Type=&quot;Value&quot; ValType=&quot;String&quot; AlreadyApplied=&quot;True&quot;&gt;&lt;OldValue /&gt;&lt;Value&gt;OLG-T-OLGUserHasOLGApplication&lt;/Value&gt;&lt;/Op&gt;&lt;/Diff&gt;">
               <Value>&lt;Diff&gt;&lt;Data State="None" /&gt;&lt;Op Columnname="CanSee" Type="Value" ValType="Bool" AlreadyApplied="True"&gt;&lt;OldValue&gt;False&lt;/OldValue&gt;&lt;Value&gt;True&lt;/Value&gt;&lt;/Op&gt;&lt;Op Columnname="UID_DialogGroup" Type="Value" ValType="String" AlreadyApplied="True"&gt;&lt;OldValue /&gt;&lt;Value&gt;CCC-3B3D68DF9AD7ABDE15B1474FEB59C6C2&lt;/Value&gt;&lt;/Op&gt;&lt;Op Columnname="UID_DialogTable" Type="Value" ValType="String" AlreadyApplied="True"&gt;&lt;OldValue /&gt;&lt;Value&gt;OLG-T-OLGUserHasOLGApplication&lt;/Value&gt;&lt;/Op&gt;&lt;/Diff&gt;</Value>
            </Column>
            <Column Name="ObjectKey" Display="&lt;Key&gt;&lt;T&gt;DialogTableGroupRight&lt;/T&gt;&lt;P&gt;CCC-3B3D68DF9AD7ABDE15B1474FEB59C6C2&lt;/P&gt;&lt;P&gt;OLG-T-OLGUserHasOLGApplication&lt;/P&gt;&lt;/Key&gt;">
               <Value>&lt;Key&gt;&lt;T&gt;DialogTableGroupRight&lt;/T&gt;&lt;P&gt;CCC-3B3D68DF9AD7ABDE15B1474FEB59C6C2&lt;/P&gt;&lt;P&gt;OLG-T-OLGUserHasOLGApplication&lt;/P&gt;&lt;/Key&gt;</Value>
            </Column>
            <Column Name="SortOrder" Display="2809530039795714">
               <Value>2809530039795714</Value>
            </Column>
            <Column Name="UID_DialogTag" Display="CCC-9F51B23A5AF9934E8BCC488F03F471EC">
               <Key>
                  <Table Name="DialogTag" Display="OneLogin Schema Extension" Key="CCC-9F51B23A5AF9934E8BCC488F03F471EC">
                     <Prop Name="UID_DialogTag">
                        <Value>CCC-9F51B23A5AF9934E8BCC488F03F471EC</Value>
                     </Prop>
                  </Table>
               </Key>
            </Column>
            <Column Name="UID_QBMTaggedChange" Display="CCC-A85763CAA1192A4D9FDAC2D5C24E94E1">
               <Value>CCC-A85763CAA1192A4D9FDAC2D5C24E94E1</Value>
            </Column>
            <Column Name="XDateInserted" Display="7/27/2022 1:30:03 PM">
               <Value>2022-07-27T18:30:03.9830000Z</Value>
            </Column>
            <Column Name="XDateUpdated" Display="7/27/2022 1:30:03 PM">
               <Value>2022-07-27T18:30:03.9830000Z</Value>
            </Column>
            <Column Name="XMarkedForDeletion">
               <Value>0</Value>
            </Column>
            <Column Name="XObjectKey" Display="&lt;Key&gt;&lt;T&gt;QBMTaggedChange&lt;/T&gt;&lt;P&gt;CCC-A85763CAA1192A4D9FDAC2D5C24E94E1&lt;/P&gt;&lt;/Key&gt;">
               <Value>&lt;Key&gt;&lt;T&gt;QBMTaggedChange&lt;/T&gt;&lt;P&gt;CCC-A85763CAA1192A4D9FDAC2D5C24E94E1&lt;/P&gt;&lt;/Key&gt;</Value>
            </Column>
            <Column Name="XTouched">
               <Value />
            </Column>
            <Column Name="XUserInserted" Display="Paul">
               <Value>Paul</Value>
            </Column>
            <Column Name="XUserUpdated" Display="Paul">
               <Value>Paul</Value>
            </Column>
         </Columns>
      </DbObject>
      <DbObject Display="CCC-9F51B23A5AF9934E8BCC488F03F471EC - &lt;Key&gt;&lt;T&gt;DialogTableGroupRight&lt;/T&gt;&lt;P&gt;CCC-3B3D68DF9AD7ABDE15B1474FEB59C6C2&lt;/P&gt;&lt;P&gt;QER-T-PersonHasESet&lt;/P&gt;&lt;/Key&gt;" Version="2">
         <Key>
            <Table Name="QBMTaggedChange" Display="CCC-9F51B23A5AF9934E8BCC488F03F471EC - &lt;Key&gt;&lt;T&gt;DialogTableGroupRight&lt;/T&gt;&lt;P&gt;CCC-3B3D68DF9AD7ABDE15B1474FEB59C6C2&lt;/P&gt;&lt;P&gt;QER-T-PersonHasESet&lt;/P&gt;&lt;/Key&gt;" Key="CCC-6E72CFE5A1539C458BFB7BEEC8CB1E8D">
               <Prop Name="UID_QBMTaggedChange">
                  <Value>CCC-6E72CFE5A1539C458BFB7BEEC8CB1E8D</Value>
               </Prop>
            </Table>
         </Key>
         <Columns>
            <Column Name="ChangeContent" Display="&lt;Diff&gt;&lt;Data State=&quot;None&quot; /&gt;&lt;Op Columnname=&quot;CanSee&quot; Type=&quot;Value&quot; ValType=&quot;Bool&quot; AlreadyApplied=&quot;True&quot;&gt;&lt;OldValue&gt;False&lt;/OldValue&gt;&lt;Value&gt;True&lt;/Value&gt;&lt;/Op&gt;&lt;Op Columnname=&quot;UID_DialogGroup&quot; Type=&quot;Value&quot; ValType=&quot;String&quot; AlreadyApplied=&quot;True&quot;&gt;&lt;OldValue /&gt;&lt;Value&gt;CCC-3B3D68DF9AD7ABDE15B1474FEB59C6C2&lt;/Value&gt;&lt;/Op&gt;&lt;Op Columnname=&quot;UID_DialogTable&quot; Type=&quot;Value&quot; ValType=&quot;String&quot; AlreadyApplied=&quot;True&quot;&gt;&lt;OldValue /&gt;&lt;Value&gt;QER-T-PersonHasESet&lt;/Value&gt;&lt;/Op&gt;&lt;/Diff&gt;">
               <Value>&lt;Diff&gt;&lt;Data State="None" /&gt;&lt;Op Columnname="CanSee" Type="Value" ValType="Bool" AlreadyApplied="True"&gt;&lt;OldValue&gt;False&lt;/OldValue&gt;&lt;Value&gt;True&lt;/Value&gt;&lt;/Op&gt;&lt;Op Columnname="UID_DialogGroup" Type="Value" ValType="String" AlreadyApplied="True"&gt;&lt;OldValue /&gt;&lt;Value&gt;CCC-3B3D68DF9AD7ABDE15B1474FEB59C6C2&lt;/Value&gt;&lt;/Op&gt;&lt;Op Columnname="UID_DialogTable" Type="Value" ValType="String" AlreadyApplied="True"&gt;&lt;OldValue /&gt;&lt;Value&gt;QER-T-PersonHasESet&lt;/Value&gt;&lt;/Op&gt;&lt;/Diff&gt;</Value>
            </Column>
            <Column Name="ObjectKey" Display="&lt;Key&gt;&lt;T&gt;DialogTableGroupRight&lt;/T&gt;&lt;P&gt;CCC-3B3D68DF9AD7ABDE15B1474FEB59C6C2&lt;/P&gt;&lt;P&gt;QER-T-PersonHasESet&lt;/P&gt;&lt;/Key&gt;">
               <Value>&lt;Key&gt;&lt;T&gt;DialogTableGroupRight&lt;/T&gt;&lt;P&gt;CCC-3B3D68DF9AD7ABDE15B1474FEB59C6C2&lt;/P&gt;&lt;P&gt;QER-T-PersonHasESet&lt;/P&gt;&lt;/Key&gt;</Value>
            </Column>
            <Column Name="SortOrder" Display="2816561322131458">
               <Value>2816561322131458</Value>
            </Column>
            <Column Name="UID_DialogTag" Display="CCC-9F51B23A5AF9934E8BCC488F03F471EC">
               <Key>
                  <Table Name="DialogTag" Display="OneLogin Schema Extension" Key="CCC-9F51B23A5AF9934E8BCC488F03F471EC">
                     <Prop Name="UID_DialogTag">
                        <Value>CCC-9F51B23A5AF9934E8BCC488F03F471EC</Value>
                     </Prop>
                  </Table>
               </Key>
            </Column>
            <Column Name="UID_QBMTaggedChange" Display="CCC-6E72CFE5A1539C458BFB7BEEC8CB1E8D">
               <Value>CCC-6E72CFE5A1539C458BFB7BEEC8CB1E8D</Value>
            </Column>
            <Column Name="XDateInserted" Display="8/4/2022 4:48:52 PM">
               <Value>2022-08-04T21:48:52.2130000Z</Value>
            </Column>
            <Column Name="XDateUpdated" Display="8/4/2022 4:48:52 PM">
               <Value>2022-08-04T21:48:52.2130000Z</Value>
            </Column>
            <Column Name="XMarkedForDeletion">
               <Value>0</Value>
            </Column>
            <Column Name="XObjectKey" Display="&lt;Key&gt;&lt;T&gt;QBMTaggedChange&lt;/T&gt;&lt;P&gt;CCC-6E72CFE5A1539C458BFB7BEEC8CB1E8D&lt;/P&gt;&lt;/Key&gt;">
               <Value>&lt;Key&gt;&lt;T&gt;QBMTaggedChange&lt;/T&gt;&lt;P&gt;CCC-6E72CFE5A1539C458BFB7BEEC8CB1E8D&lt;/P&gt;&lt;/Key&gt;</Value>
            </Column>
            <Column Name="XTouched">
               <Value />
            </Column>
            <Column Name="XUserInserted" Display="Paul">
               <Value>Paul</Value>
            </Column>
            <Column Name="XUserUpdated" Display="Paul">
               <Value>Paul</Value>
            </Column>
         </Columns>
      </DbObject>
      <DbObject Display="CCC-9F51B23A5AF9934E8BCC488F03F471EC - &lt;Key&gt;&lt;T&gt;DialogTableGroupRight&lt;/T&gt;&lt;P&gt;CCC-925C30BDB9A63C89EF4F28512BC91B49&lt;/P&gt;&lt;P&gt;OLG-T-OLGUserHasOLGApplication&lt;/P&gt;&lt;/Key&gt;" Version="2">
         <Key>
            <Table Name="QBMTaggedChange" Display="CCC-9F51B23A5AF9934E8BCC488F03F471EC - &lt;Key&gt;&lt;T&gt;DialogTableGroupRight&lt;/T&gt;&lt;P&gt;CCC-925C30BDB9A63C89EF4F28512BC91B49&lt;/P&gt;&lt;P&gt;OLG-T-OLGUserHasOLGApplication&lt;/P&gt;&lt;/Key&gt;" Key="CCC-3C206373F9D1A242B6C45B4FEA555831">
               <Prop Name="UID_QBMTaggedChange">
                  <Value>CCC-3C206373F9D1A242B6C45B4FEA555831</Value>
               </Prop>
            </Table>
         </Key>
         <Columns>
            <Column Name="ChangeContent" Display="&lt;Diff&gt;&lt;Data State=&quot;None&quot; /&gt;&lt;Op Columnname=&quot;CanSee&quot; Type=&quot;Value&quot; ValType=&quot;Bool&quot; AlreadyApplied=&quot;True&quot;&gt;&lt;OldValue&gt;False&lt;/OldValue&gt;&lt;Value&gt;True&lt;/Value&gt;&lt;/Op&gt;&lt;Op Columnname=&quot;UID_DialogGroup&quot; Type=&quot;Value&quot; ValType=&quot;String&quot; AlreadyApplied=&quot;True&quot;&gt;&lt;OldValue /&gt;&lt;Value&gt;CCC-925C30BDB9A63C89EF4F28512BC91B49&lt;/Value&gt;&lt;/Op&gt;&lt;Op Columnname=&quot;UID_DialogTable&quot; Type=&quot;Value&quot; ValType=&quot;String&quot; AlreadyApplied=&quot;True&quot;&gt;&lt;OldValue /&gt;&lt;Value&gt;OLG-T-OLGUserHasOLGApplication&lt;/Value&gt;&lt;/Op&gt;&lt;/Diff&gt;">
               <Value>&lt;Diff&gt;&lt;Data State="None" /&gt;&lt;Op Columnname="CanSee" Type="Value" ValType="Bool" AlreadyApplied="True"&gt;&lt;OldValue&gt;False&lt;/OldValue&gt;&lt;Value&gt;True&lt;/Value&gt;&lt;/Op&gt;&lt;Op Columnname="UID_DialogGroup" Type="Value" ValType="String" AlreadyApplied="True"&gt;&lt;OldValue /&gt;&lt;Value&gt;CCC-925C30BDB9A63C89EF4F28512BC91B49&lt;/Value&gt;&lt;/Op&gt;&lt;Op Columnname="UID_DialogTable" Type="Value" ValType="String" AlreadyApplied="True"&gt;&lt;OldValue /&gt;&lt;Value&gt;OLG-T-OLGUserHasOLGApplication&lt;/Value&gt;&lt;/Op&gt;&lt;/Diff&gt;</Value>
            </Column>
            <Column Name="ObjectKey" Display="&lt;Key&gt;&lt;T&gt;DialogTableGroupRight&lt;/T&gt;&lt;P&gt;CCC-925C30BDB9A63C89EF4F28512BC91B49&lt;/P&gt;&lt;P&gt;OLG-T-OLGUserHasOLGApplication&lt;/P&gt;&lt;/Key&gt;">
               <Value>&lt;Key&gt;&lt;T&gt;DialogTableGroupRight&lt;/T&gt;&lt;P&gt;CCC-925C30BDB9A63C89EF4F28512BC91B49&lt;/P&gt;&lt;P&gt;OLG-T-OLGUserHasOLGApplication&lt;/P&gt;&lt;/Key&gt;</Value>
            </Column>
            <Column Name="SortOrder" Display="2809530039533569">
               <Value>2809530039533569</Value>
            </Column>
            <Column Name="UID_DialogTag" Display="CCC-9F51B23A5AF9934E8BCC488F03F471EC">
               <Key>
                  <Table Name="DialogTag" Display="OneLogin Schema Extension" Key="CCC-9F51B23A5AF9934E8BCC488F03F471EC">
                     <Prop Name="UID_DialogTag">
                        <Value>CCC-9F51B23A5AF9934E8BCC488F03F471EC</Value>
                     </Prop>
                  </Table>
               </Key>
            </Column>
            <Column Name="UID_QBMTaggedChange" Display="CCC-3C206373F9D1A242B6C45B4FEA555831">
               <Value>CCC-3C206373F9D1A242B6C45B4FEA555831</Value>
            </Column>
            <Column Name="XDateInserted" Display="7/27/2022 1:30:03 PM">
               <Value>2022-07-27T18:30:03.9770000Z</Value>
            </Column>
            <Column Name="XDateUpdated" Display="7/27/2022 1:30:03 PM">
               <Value>2022-07-27T18:30:03.9770000Z</Value>
            </Column>
            <Column Name="XMarkedForDeletion">
               <Value>0</Value>
            </Column>
            <Column Name="XObjectKey" Display="&lt;Key&gt;&lt;T&gt;QBMTaggedChange&lt;/T&gt;&lt;P&gt;CCC-3C206373F9D1A242B6C45B4FEA555831&lt;/P&gt;&lt;/Key&gt;">
               <Value>&lt;Key&gt;&lt;T&gt;QBMTaggedChange&lt;/T&gt;&lt;P&gt;CCC-3C206373F9D1A242B6C45B4FEA555831&lt;/P&gt;&lt;/Key&gt;</Value>
            </Column>
            <Column Name="XTouched">
               <Value />
            </Column>
            <Column Name="XUserInserted" Display="Paul">
               <Value>Paul</Value>
            </Column>
            <Column Name="XUserUpdated" Display="Paul">
               <Value>Paul</Value>
            </Column>
         </Columns>
      </DbObject>
      <DbObject Display="CCC-9F51B23A5AF9934E8BCC488F03F471EC - &lt;Key&gt;&lt;T&gt;DialogTableGroupRight&lt;/T&gt;&lt;P&gt;CCC-925C30BDB9A63C89EF4F28512BC91B49&lt;/P&gt;&lt;P&gt;QER-T-PersonHasESet&lt;/P&gt;&lt;/Key&gt;" Version="2">
         <Key>
            <Table Name="QBMTaggedChange" Display="CCC-9F51B23A5AF9934E8BCC488F03F471EC - &lt;Key&gt;&lt;T&gt;DialogTableGroupRight&lt;/T&gt;&lt;P&gt;CCC-925C30BDB9A63C89EF4F28512BC91B49&lt;/P&gt;&lt;P&gt;QER-T-PersonHasESet&lt;/P&gt;&lt;/Key&gt;" Key="CCC-610B2D1DA20AC44AB4C549EBAF6B754D">
               <Prop Name="UID_QBMTaggedChange">
                  <Value>CCC-610B2D1DA20AC44AB4C549EBAF6B754D</Value>
               </Prop>
            </Table>
         </Key>
         <Columns>
            <Column Name="ChangeContent" Display="&lt;Diff&gt;&lt;Data State=&quot;None&quot; /&gt;&lt;Op Columnname=&quot;CanSee&quot; Type=&quot;Value&quot; ValType=&quot;Bool&quot; AlreadyApplied=&quot;True&quot;&gt;&lt;OldValue&gt;False&lt;/OldValue&gt;&lt;Value&gt;True&lt;/Value&gt;&lt;/Op&gt;&lt;Op Columnname=&quot;UID_DialogGroup&quot; Type=&quot;Value&quot; ValType=&quot;String&quot; AlreadyApplied=&quot;True&quot;&gt;&lt;OldValue /&gt;&lt;Value&gt;CCC-925C30BDB9A63C89EF4F28512BC91B49&lt;/Value&gt;&lt;/Op&gt;&lt;Op Columnname=&quot;UID_DialogTable&quot; Type=&quot;Value&quot; ValType=&quot;String&quot; AlreadyApplied=&quot;True&quot;&gt;&lt;OldValue /&gt;&lt;Value&gt;QER-T-PersonHasESet&lt;/Value&gt;&lt;/Op&gt;&lt;/Diff&gt;">
               <Value>&lt;Diff&gt;&lt;Data State="None" /&gt;&lt;Op Columnname="CanSee" Type="Value" ValType="Bool" AlreadyApplied="True"&gt;&lt;OldValue&gt;False&lt;/OldValue&gt;&lt;Value&gt;True&lt;/Value&gt;&lt;/Op&gt;&lt;Op Columnname="UID_DialogGroup" Type="Value" ValType="String" AlreadyApplied="True"&gt;&lt;OldValue /&gt;&lt;Value&gt;CCC-925C30BDB9A63C89EF4F28512BC91B49&lt;/Value&gt;&lt;/Op&gt;&lt;Op Columnname="UID_DialogTable" Type="Value" ValType="String" AlreadyApplied="True"&gt;&lt;OldValue /&gt;&lt;Value&gt;QER-T-PersonHasESet&lt;/Value&gt;&lt;/Op&gt;&lt;/Diff&gt;</Value>
            </Column>
            <Column Name="ObjectKey" Display="&lt;Key&gt;&lt;T&gt;DialogTableGroupRight&lt;/T&gt;&lt;P&gt;CCC-925C30BDB9A63C89EF4F28512BC91B49&lt;/P&gt;&lt;P&gt;QER-T-PersonHasESet&lt;/P&gt;&lt;/Key&gt;">
               <Value>&lt;Key&gt;&lt;T&gt;DialogTableGroupRight&lt;/T&gt;&lt;P&gt;CCC-925C30BDB9A63C89EF4F28512BC91B49&lt;/P&gt;&lt;P&gt;QER-T-PersonHasESet&lt;/P&gt;&lt;/Key&gt;</Value>
            </Column>
            <Column Name="SortOrder" Display="2816561321803777">
               <Value>2816561321803777</Value>
            </Column>
            <Column Name="UID_DialogTag" Display="CCC-9F51B23A5AF9934E8BCC488F03F471EC">
               <Key>
                  <Table Name="DialogTag" Display="OneLogin Schema Extension" Key="CCC-9F51B23A5AF9934E8BCC488F03F471EC">
                     <Prop Name="UID_DialogTag">
                        <Value>CCC-9F51B23A5AF9934E8BCC488F03F471EC</Value>
                     </Prop>
                  </Table>
               </Key>
            </Column>
            <Column Name="UID_QBMTaggedChange" Display="CCC-610B2D1DA20AC44AB4C549EBAF6B754D">
               <Value>CCC-610B2D1DA20AC44AB4C549EBAF6B754D</Value>
            </Column>
            <Column Name="XDateInserted" Display="8/4/2022 4:48:52 PM">
               <Value>2022-08-04T21:48:52.2100000Z</Value>
            </Column>
            <Column Name="XDateUpdated" Display="8/4/2022 4:48:52 PM">
               <Value>2022-08-04T21:48:52.2100000Z</Value>
            </Column>
            <Column Name="XMarkedForDeletion">
               <Value>0</Value>
            </Column>
            <Column Name="XObjectKey" Display="&lt;Key&gt;&lt;T&gt;QBMTaggedChange&lt;/T&gt;&lt;P&gt;CCC-610B2D1DA20AC44AB4C549EBAF6B754D&lt;/P&gt;&lt;/Key&gt;">
               <Value>&lt;Key&gt;&lt;T&gt;QBMTaggedChange&lt;/T&gt;&lt;P&gt;CCC-610B2D1DA20AC44AB4C549EBAF6B754D&lt;/P&gt;&lt;/Key&gt;</Value>
            </Column>
            <Column Name="XTouched">
               <Value />
            </Column>
            <Column Name="XUserInserted" Display="Paul">
               <Value>Paul</Value>
            </Column>
            <Column Name="XUserUpdated" Display="Paul">
               <Value>Paul</Value>
            </Column>
         </Columns>
      </DbObject>
      <DbObject Display="CCC-9F51B23A5AF9934E8BCC488F03F471EC - &lt;Key&gt;&lt;T&gt;DialogTableGroupRight&lt;/T&gt;&lt;P&gt;CCC-EC7AC7AB947DA4956ABBD46787C75C02&lt;/P&gt;&lt;P&gt;OLG-T-OLGUserHasOLGApplication&lt;/P&gt;&lt;/Key&gt;" Version="2">
         <Key>
            <Table Name="QBMTaggedChange" Display="CCC-9F51B23A5AF9934E8BCC488F03F471EC - &lt;Key&gt;&lt;T&gt;DialogTableGroupRight&lt;/T&gt;&lt;P&gt;CCC-EC7AC7AB947DA4956ABBD46787C75C02&lt;/P&gt;&lt;P&gt;OLG-T-OLGUserHasOLGApplication&lt;/P&gt;&lt;/Key&gt;" Key="CCC-8DF2B9533A883B458B02C85D38547D10">
               <Prop Name="UID_QBMTaggedChange">
                  <Value>CCC-8DF2B9533A883B458B02C85D38547D10</Value>
               </Prop>
            </Table>
         </Key>
         <Columns>
            <Column Name="ChangeContent" Display="&lt;Diff&gt;&lt;Data State=&quot;None&quot; /&gt;&lt;Op Columnname=&quot;CanEdit&quot; Type=&quot;Value&quot; ValType=&quot;Bool&quot; AlreadyApplied=&quot;True&quot;&gt;&lt;OldValue&gt;False&lt;/OldValue&gt;&lt;Value&gt;True&lt;/Value&gt;&lt;/Op&gt;&lt;Op Columnname=&quot;UID_DialogGroup&quot; Type=&quot;Value&quot; ValType=&quot;String&quot; AlreadyApplied=&quot;True&quot;&gt;&lt;OldValue /&gt;&lt;Value&gt;CCC-EC7AC7AB947DA4956ABBD46787C75C02&lt;/Value&gt;&lt;/Op&gt;&lt;Op Columnname=&quot;UID_DialogTable&quot; Type=&quot;Value&quot; ValType=&quot;String&quot; AlreadyApplied=&quot;True&quot;&gt;&lt;OldValue /&gt;&lt;Value&gt;OLG-T-OLGUserHasOLGApplication&lt;/Value&gt;&lt;/Op&gt;&lt;/Diff&gt;">
               <Value>&lt;Diff&gt;&lt;Data State="None" /&gt;&lt;Op Columnname="CanEdit" Type="Value" ValType="Bool" AlreadyApplied="True"&gt;&lt;OldValue&gt;False&lt;/OldValue&gt;&lt;Value&gt;True&lt;/Value&gt;&lt;/Op&gt;&lt;Op Columnname="UID_DialogGroup" Type="Value" ValType="String" AlreadyApplied="True"&gt;&lt;OldValue /&gt;&lt;Value&gt;CCC-EC7AC7AB947DA4956ABBD46787C75C02&lt;/Value&gt;&lt;/Op&gt;&lt;Op Columnname="UID_DialogTable" Type="Value" ValType="String" AlreadyApplied="True"&gt;&lt;OldValue /&gt;&lt;Value&gt;OLG-T-OLGUserHasOLGApplication&lt;/Value&gt;&lt;/Op&gt;&lt;/Diff&gt;</Value>
            </Column>
            <Column Name="ObjectKey" Display="&lt;Key&gt;&lt;T&gt;DialogTableGroupRight&lt;/T&gt;&lt;P&gt;CCC-EC7AC7AB947DA4956ABBD46787C75C02&lt;/P&gt;&lt;P&gt;OLG-T-OLGUserHasOLGApplication&lt;/P&gt;&lt;/Key&gt;">
               <Value>&lt;Key&gt;&lt;T&gt;DialogTableGroupRight&lt;/T&gt;&lt;P&gt;CCC-EC7AC7AB947DA4956ABBD46787C75C02&lt;/P&gt;&lt;P&gt;OLG-T-OLGUserHasOLGApplication&lt;/P&gt;&lt;/Key&gt;</Value>
            </Column>
            <Column Name="SortOrder" Display="2809530039861251">
               <Value>2809530039861251</Value>
            </Column>
            <Column Name="UID_DialogTag" Display="CCC-9F51B23A5AF9934E8BCC488F03F471EC">
               <Key>
                  <Table Name="DialogTag" Display="OneLogin Schema Extension" Key="CCC-9F51B23A5AF9934E8BCC488F03F471EC">
                     <Prop Name="UID_DialogTag">
                        <Value>CCC-9F51B23A5AF9934E8BCC488F03F471EC</Value>
                     </Prop>
                  </Table>
               </Key>
            </Column>
            <Column Name="UID_QBMTaggedChange" Display="CCC-8DF2B9533A883B458B02C85D38547D10">
               <Value>CCC-8DF2B9533A883B458B02C85D38547D10</Value>
            </Column>
            <Column Name="XDateInserted" Display="7/27/2022 1:30:03 PM">
               <Value>2022-07-27T18:30:03.9900000Z</Value>
            </Column>
            <Column Name="XDateUpdated" Display="7/27/2022 1:30:03 PM">
               <Value>2022-07-27T18:30:03.9900000Z</Value>
            </Column>
            <Column Name="XMarkedForDeletion">
               <Value>0</Value>
            </Column>
            <Column Name="XObjectKey" Display="&lt;Key&gt;&lt;T&gt;QBMTaggedChange&lt;/T&gt;&lt;P&gt;CCC-8DF2B9533A883B458B02C85D38547D10&lt;/P&gt;&lt;/Key&gt;">
               <Value>&lt;Key&gt;&lt;T&gt;QBMTaggedChange&lt;/T&gt;&lt;P&gt;CCC-8DF2B9533A883B458B02C85D38547D10&lt;/P&gt;&lt;/Key&gt;</Value>
            </Column>
            <Column Name="XTouched">
               <Value />
            </Column>
            <Column Name="XUserInserted" Display="Paul">
               <Value>Paul</Value>
            </Column>
            <Column Name="XUserUpdated" Display="Paul">
               <Value>Paul</Value>
            </Column>
         </Columns>
      </DbObject>
      <DbObject Display="CCC-9F51B23A5AF9934E8BCC488F03F471EC - &lt;Key&gt;&lt;T&gt;DialogTableGroupRight&lt;/T&gt;&lt;P&gt;CCC-EC7AC7AB947DA4956ABBD46787C75C02&lt;/P&gt;&lt;P&gt;QER-T-PersonHasESet&lt;/P&gt;&lt;/Key&gt;" Version="2">
         <Key>
            <Table Name="QBMTaggedChange" Display="CCC-9F51B23A5AF9934E8BCC488F03F471EC - &lt;Key&gt;&lt;T&gt;DialogTableGroupRight&lt;/T&gt;&lt;P&gt;CCC-EC7AC7AB947DA4956ABBD46787C75C02&lt;/P&gt;&lt;P&gt;QER-T-PersonHasESet&lt;/P&gt;&lt;/Key&gt;" Key="CCC-2B903B709F679A4E8225A48018CBB0D6">
               <Prop Name="UID_QBMTaggedChange">
                  <Value>CCC-2B903B709F679A4E8225A48018CBB0D6</Value>
               </Prop>
            </Table>
         </Key>
         <Columns>
            <Column Name="ChangeContent" Display="&lt;Diff&gt;&lt;Data State=&quot;None&quot; /&gt;&lt;Op Columnname=&quot;CanEdit&quot; Type=&quot;Value&quot; ValType=&quot;Bool&quot; AlreadyApplied=&quot;True&quot;&gt;&lt;OldValue&gt;False&lt;/OldValue&gt;&lt;Value&gt;True&lt;/Value&gt;&lt;/Op&gt;&lt;Op Columnname=&quot;UID_DialogGroup&quot; Type=&quot;Value&quot; ValType=&quot;String&quot; AlreadyApplied=&quot;True&quot;&gt;&lt;OldValue /&gt;&lt;Value&gt;CCC-EC7AC7AB947DA4956ABBD46787C75C02&lt;/Value&gt;&lt;/Op&gt;&lt;Op Columnname=&quot;UID_DialogTable&quot; Type=&quot;Value&quot; ValType=&quot;String&quot; AlreadyApplied=&quot;True&quot;&gt;&lt;OldValue /&gt;&lt;Value&gt;QER-T-PersonHasESet&lt;/Value&gt;&lt;/Op&gt;&lt;/Diff&gt;">
               <Value>&lt;Diff&gt;&lt;Data State="None" /&gt;&lt;Op Columnname="CanEdit" Type="Value" ValType="Bool" AlreadyApplied="True"&gt;&lt;OldValue&gt;False&lt;/OldValue&gt;&lt;Value&gt;True&lt;/Value&gt;&lt;/Op&gt;&lt;Op Columnname="UID_DialogGroup" Type="Value" ValType="String" AlreadyApplied="True"&gt;&lt;OldValue /&gt;&lt;Value&gt;CCC-EC7AC7AB947DA4956ABBD46787C75C02&lt;/Value&gt;&lt;/Op&gt;&lt;Op Columnname="UID_DialogTable" Type="Value" ValType="String" AlreadyApplied="True"&gt;&lt;OldValue /&gt;&lt;Value&gt;QER-T-PersonHasESet&lt;/Value&gt;&lt;/Op&gt;&lt;/Diff&gt;</Value>
            </Column>
            <Column Name="ObjectKey" Display="&lt;Key&gt;&lt;T&gt;DialogTableGroupRight&lt;/T&gt;&lt;P&gt;CCC-EC7AC7AB947DA4956ABBD46787C75C02&lt;/P&gt;&lt;P&gt;QER-T-PersonHasESet&lt;/P&gt;&lt;/Key&gt;">
               <Value>&lt;Key&gt;&lt;T&gt;DialogTableGroupRight&lt;/T&gt;&lt;P&gt;CCC-EC7AC7AB947DA4956ABBD46787C75C02&lt;/P&gt;&lt;P&gt;QER-T-PersonHasESet&lt;/P&gt;&lt;/Key&gt;</Value>
            </Column>
            <Column Name="SortOrder" Display="2816561322131459">
               <Value>2816561322131459</Value>
            </Column>
            <Column Name="UID_DialogTag" Display="CCC-9F51B23A5AF9934E8BCC488F03F471EC">
               <Key>
                  <Table Name="DialogTag" Display="OneLogin Schema Extension" Key="CCC-9F51B23A5AF9934E8BCC488F03F471EC">
                     <Prop Name="UID_DialogTag">
                        <Value>CCC-9F51B23A5AF9934E8BCC488F03F471EC</Value>
                     </Prop>
                  </Table>
               </Key>
            </Column>
            <Column Name="UID_QBMTaggedChange" Display="CCC-2B903B709F679A4E8225A48018CBB0D6">
               <Value>CCC-2B903B709F679A4E8225A48018CBB0D6</Value>
            </Column>
            <Column Name="XDateInserted" Display="8/4/2022 4:48:52 PM">
               <Value>2022-08-04T21:48:52.2200000Z</Value>
            </Column>
            <Column Name="XDateUpdated" Display="8/4/2022 4:48:52 PM">
               <Value>2022-08-04T21:48:52.2200000Z</Value>
            </Column>
            <Column Name="XMarkedForDeletion">
               <Value>0</Value>
            </Column>
            <Column Name="XObjectKey" Display="&lt;Key&gt;&lt;T&gt;QBMTaggedChange&lt;/T&gt;&lt;P&gt;CCC-2B903B709F679A4E8225A48018CBB0D6&lt;/P&gt;&lt;/Key&gt;">
               <Value>&lt;Key&gt;&lt;T&gt;QBMTaggedChange&lt;/T&gt;&lt;P&gt;CCC-2B903B709F679A4E8225A48018CBB0D6&lt;/P&gt;&lt;/Key&gt;</Value>
            </Column>
            <Column Name="XTouched">
               <Value />
            </Column>
            <Column Name="XUserInserted" Display="Paul">
               <Value>Paul</Value>
            </Column>
            <Column Name="XUserUpdated" Display="Paul">
               <Value>Paul</Value>
            </Column>
         </Columns>
      </DbObject>
      <DbObject Display="CCC-9F51B23A5AF9934E8BCC488F03F471EC - &lt;Key&gt;&lt;T&gt;QBMCustomSQL&lt;/T&gt;&lt;P&gt;CCC-752BCB88BA72A92C30AF6DA547DF372A&lt;/P&gt;&lt;/Key&gt;" Version="2">
         <Key>
            <Table Name="QBMTaggedChange" Display="CCC-9F51B23A5AF9934E8BCC488F03F471EC - &lt;Key&gt;&lt;T&gt;QBMCustomSQL&lt;/T&gt;&lt;P&gt;CCC-752BCB88BA72A92C30AF6DA547DF372A&lt;/P&gt;&lt;/Key&gt;" Key="CCC-BA64D2C70B8AC243BC49F6C051445C30">
               <Prop Name="UID_QBMTaggedChange">
                  <Value>CCC-BA64D2C70B8AC243BC49F6C051445C30</Value>
               </Prop>
            </Table>
         </Key>
         <Columns>
            <Column Name="ChangeContent" Display="&lt;Diff&gt;&lt;Data /&gt;&lt;Op Columnname=&quot;Remarks&quot; Type=&quot;Value&quot; ValType=&quot;String&quot;&gt;&lt;Value /&gt;&lt;/Op&gt;&lt;Op Columnname=&quot;ScriptCode&quot; Type=&quot;Value&quot; ValType=&quot;String&quot;&gt;&lt;Value&gt;exec QBM_PColumnAdd 'PersonHasESet', 'CCC_LastUsedDate', 'datetime NULL'&lt;/Value&gt;&lt;/Op&gt;&lt;Op Columnname=&quot;ScriptName&quot; Type=&quot;Value&quot; ValType=&quot;String&quot;&gt;&lt;Value&gt;PersonHasESet.CCC_LastUsedDate&lt;/Value&gt;&lt;/Op&gt;&lt;Op Columnname=&quot;ScriptType&quot; Type=&quot;Value&quot; ValType=&quot;String&quot;&gt;&lt;Value&gt;C&lt;/Value&gt;&lt;/Op&gt;&lt;Op Columnname=&quot;SortOrder&quot; Type=&quot;Value&quot; ValType=&quot;Int&quot;&gt;&lt;Value&gt;0&lt;/Value&gt;&lt;/Op&gt;&lt;Op Columnname=&quot;UID_QBMCustomSQL&quot; Type=&quot;Value&quot; ValType=&quot;String&quot;&gt;&lt;Value&gt;CCC-752BCB88BA72A92C30AF6DA547DF372A&lt;/Value&gt;&lt;/Op&gt;&lt;/Diff&gt;">
               <Value>&lt;Diff&gt;&lt;Data /&gt;&lt;Op Columnname="Remarks" Type="Value" ValType="String"&gt;&lt;Value /&gt;&lt;/Op&gt;&lt;Op Columnname="ScriptCode" Type="Value" ValType="String"&gt;&lt;Value&gt;exec QBM_PColumnAdd 'PersonHasESet', 'CCC_LastUsedDate', 'datetime NULL'&lt;/Value&gt;&lt;/Op&gt;&lt;Op Columnname="ScriptName" Type="Value" ValType="String"&gt;&lt;Value&gt;PersonHasESet.CCC_LastUsedDate&lt;/Value&gt;&lt;/Op&gt;&lt;Op Columnname="ScriptType" Type="Value" ValType="String"&gt;&lt;Value&gt;C&lt;/Value&gt;&lt;/Op&gt;&lt;Op Columnname="SortOrder" Type="Value" ValType="Int"&gt;&lt;Value&gt;0&lt;/Value&gt;&lt;/Op&gt;&lt;Op Columnname="UID_QBMCustomSQL" Type="Value" ValType="String"&gt;&lt;Value&gt;CCC-752BCB88BA72A92C30AF6DA547DF372A&lt;/Value&gt;&lt;/Op&gt;&lt;/Diff&gt;</Value>
            </Column>
            <Column Name="ObjectKey" Display="&lt;Key&gt;&lt;T&gt;QBMCustomSQL&lt;/T&gt;&lt;P&gt;CCC-752BCB88BA72A92C30AF6DA547DF372A&lt;/P&gt;&lt;/Key&gt;">
               <Value>&lt;Key&gt;&lt;T&gt;QBMCustomSQL&lt;/T&gt;&lt;P&gt;CCC-752BCB88BA72A92C30AF6DA547DF372A&lt;/P&gt;&lt;/Key&gt;</Value>
            </Column>
            <Column Name="SortOrder" Display="2816561378230281">
               <Value>2816561378230281</Value>
            </Column>
            <Column Name="UID_DialogTag" Display="CCC-9F51B23A5AF9934E8BCC488F03F471EC">
               <Key>
                  <Table Name="DialogTag" Display="OneLogin Schema Extension" Key="CCC-9F51B23A5AF9934E8BCC488F03F471EC">
                     <Prop Name="UID_DialogTag">
                        <Value>CCC-9F51B23A5AF9934E8BCC488F03F471EC</Value>
                     </Prop>
                  </Table>
               </Key>
            </Column>
            <Column Name="UID_QBMTaggedChange" Display="CCC-BA64D2C70B8AC243BC49F6C051445C30">
               <Value>CCC-BA64D2C70B8AC243BC49F6C051445C30</Value>
            </Column>
            <Column Name="XDateInserted" Display="8/4/2022 4:48:57 PM">
               <Value>2022-08-04T21:48:57.8870000Z</Value>
            </Column>
            <Column Name="XDateUpdated" Display="8/4/2022 4:48:57 PM">
               <Value>2022-08-04T21:48:57.8870000Z</Value>
            </Column>
            <Column Name="XMarkedForDeletion">
               <Value>0</Value>
            </Column>
            <Column Name="XObjectKey" Display="&lt;Key&gt;&lt;T&gt;QBMTaggedChange&lt;/T&gt;&lt;P&gt;CCC-BA64D2C70B8AC243BC49F6C051445C30&lt;/P&gt;&lt;/Key&gt;">
               <Value>&lt;Key&gt;&lt;T&gt;QBMTaggedChange&lt;/T&gt;&lt;P&gt;CCC-BA64D2C70B8AC243BC49F6C051445C30&lt;/P&gt;&lt;/Key&gt;</Value>
            </Column>
            <Column Name="XTouched">
               <Value />
            </Column>
            <Column Name="XUserInserted" Display="Paul">
               <Value>Paul</Value>
            </Column>
            <Column Name="XUserUpdated" Display="Paul">
               <Value>Paul</Value>
            </Column>
         </Columns>
      </DbObject>
      <DbObject Display="CCC-9F51B23A5AF9934E8BCC488F03F471EC - &lt;Key&gt;&lt;T&gt;QBMCustomSQL&lt;/T&gt;&lt;P&gt;CCC-D7844E0ACDD423D8166253474FEFC98A&lt;/P&gt;&lt;/Key&gt;" Version="2">
         <Key>
            <Table Name="QBMTaggedChange" Display="CCC-9F51B23A5AF9934E8BCC488F03F471EC - &lt;Key&gt;&lt;T&gt;QBMCustomSQL&lt;/T&gt;&lt;P&gt;CCC-D7844E0ACDD423D8166253474FEFC98A&lt;/P&gt;&lt;/Key&gt;" Key="CCC-4BEEF843ED7AAC46857D8C5DB165AC8C">
               <Prop Name="UID_QBMTaggedChange">
                  <Value>CCC-4BEEF843ED7AAC46857D8C5DB165AC8C</Value>
               </Prop>
            </Table>
         </Key>
         <Columns>
            <Column Name="ChangeContent" Display="&lt;Diff&gt;&lt;Data /&gt;&lt;Op Columnname=&quot;Remarks&quot; Type=&quot;Value&quot; ValType=&quot;String&quot;&gt;&lt;Value /&gt;&lt;/Op&gt;&lt;Op Columnname=&quot;ScriptCode&quot; Type=&quot;Value&quot; ValType=&quot;String&quot;&gt;&lt;Value&gt;exec QBM_PColumnAdd 'OLGUserHasOLGApplication', 'CCC_LastUsedDate', 'datetime NULL'&lt;/Value&gt;&lt;/Op&gt;&lt;Op Columnname=&quot;ScriptName&quot; Type=&quot;Value&quot; ValType=&quot;String&quot;&gt;&lt;Value&gt;OLGUserHasOLGApplication.CCC_LastUsedDate&lt;/Value&gt;&lt;/Op&gt;&lt;Op Columnname=&quot;ScriptType&quot; Type=&quot;Value&quot; ValType=&quot;String&quot;&gt;&lt;Value&gt;C&lt;/Value&gt;&lt;/Op&gt;&lt;Op Columnname=&quot;SortOrder&quot; Type=&quot;Value&quot; ValType=&quot;Int&quot;&gt;&lt;Value&gt;0&lt;/Value&gt;&lt;/Op&gt;&lt;Op Columnname=&quot;UID_QBMCustomSQL&quot; Type=&quot;Value&quot; ValType=&quot;String&quot;&gt;&lt;Value&gt;CCC-D7844E0ACDD423D8166253474FEFC98A&lt;/Value&gt;&lt;/Op&gt;&lt;/Diff&gt;">
               <Value>&lt;Diff&gt;&lt;Data /&gt;&lt;Op Columnname="Remarks" Type="Value" ValType="String"&gt;&lt;Value /&gt;&lt;/Op&gt;&lt;Op Columnname="ScriptCode" Type="Value" ValType="String"&gt;&lt;Value&gt;exec QBM_PColumnAdd 'OLGUserHasOLGApplication', 'CCC_LastUsedDate', 'datetime NULL'&lt;/Value&gt;&lt;/Op&gt;&lt;Op Columnname="ScriptName" Type="Value" ValType="String"&gt;&lt;Value&gt;OLGUserHasOLGApplication.CCC_LastUsedDate&lt;/Value&gt;&lt;/Op&gt;&lt;Op Columnname="ScriptType" Type="Value" ValType="String"&gt;&lt;Value&gt;C&lt;/Value&gt;&lt;/Op&gt;&lt;Op Columnname="SortOrder" Type="Value" ValType="Int"&gt;&lt;Value&gt;0&lt;/Value&gt;&lt;/Op&gt;&lt;Op Columnname="UID_QBMCustomSQL" Type="Value" ValType="String"&gt;&lt;Value&gt;CCC-D7844E0ACDD423D8166253474FEFC98A&lt;/Value&gt;&lt;/Op&gt;&lt;/Diff&gt;</Value>
            </Column>
            <Column Name="ObjectKey" Display="&lt;Key&gt;&lt;T&gt;QBMCustomSQL&lt;/T&gt;&lt;P&gt;CCC-D7844E0ACDD423D8166253474FEFC98A&lt;/P&gt;&lt;/Key&gt;">
               <Value>&lt;Key&gt;&lt;T&gt;QBMCustomSQL&lt;/T&gt;&lt;P&gt;CCC-D7844E0ACDD423D8166253474FEFC98A&lt;/P&gt;&lt;/Key&gt;</Value>
            </Column>
            <Column Name="SortOrder" Display="2809530095829001">
               <Value>2809530095829001</Value>
            </Column>
            <Column Name="UID_DialogTag" Display="CCC-9F51B23A5AF9934E8BCC488F03F471EC">
               <Key>
                  <Table Name="DialogTag" Display="OneLogin Schema Extension" Key="CCC-9F51B23A5AF9934E8BCC488F03F471EC">
                     <Prop Name="UID_DialogTag">
                        <Value>CCC-9F51B23A5AF9934E8BCC488F03F471EC</Value>
                     </Prop>
                  </Table>
               </Key>
            </Column>
            <Column Name="UID_QBMTaggedChange" Display="CCC-4BEEF843ED7AAC46857D8C5DB165AC8C">
               <Value>CCC-4BEEF843ED7AAC46857D8C5DB165AC8C</Value>
            </Column>
            <Column Name="XDateInserted" Display="7/27/2022 1:30:09 PM">
               <Value>2022-07-27T18:30:09.6270000Z</Value>
            </Column>
            <Column Name="XDateUpdated" Display="7/27/2022 1:30:09 PM">
               <Value>2022-07-27T18:30:09.6270000Z</Value>
            </Column>
            <Column Name="XMarkedForDeletion">
               <Value>0</Value>
            </Column>
            <Column Name="XObjectKey" Display="&lt;Key&gt;&lt;T&gt;QBMTaggedChange&lt;/T&gt;&lt;P&gt;CCC-4BEEF843ED7AAC46857D8C5DB165AC8C&lt;/P&gt;&lt;/Key&gt;">
               <Value>&lt;Key&gt;&lt;T&gt;QBMTaggedChange&lt;/T&gt;&lt;P&gt;CCC-4BEEF843ED7AAC46857D8C5DB165AC8C&lt;/P&gt;&lt;/Key&gt;</Value>
            </Column>
            <Column Name="XTouched">
               <Value />
            </Column>
            <Column Name="XUserInserted" Display="Paul">
               <Value>Paul</Value>
            </Column>
            <Column Name="XUserUpdated" Display="Paul">
               <Value>Paul</Value>
            </Column>
         </Columns>
      </DbObject>
   </DbObjects>
</Container>