<DBTransporter Version="3.0">
  <Header>
    <Parameter Name="Display">LOCALHOST\\OneIM</Parameter>
    <Parameter Name="Edition">STE</Parameter>
    <Parameter Name="Version">9.0</Parameter>
    <Parameter Name="DBSystem">MSSQL</Parameter>
    <Parameter Name="DBServer">DC01</Parameter>
    <Parameter Name="DBName">OneIM</Parameter>
    <Parameter Name="UserDisplay">Paul</Parameter>
    <Parameter Name="UserName">Paul</Parameter>
    <Parameter Name="ExportDate">2022-08-04 17:04:50</Parameter>
    <Parameter Name="Description">1 Transport_OneIM_v821_OneLogin_LastUsedDate_Schema</Parameter>
    <Parameter Name="Parts">Schema, Common</Parameter>
    <Parameter Name="Modules">CCC,QBM</Parameter>
  </Header>
  <Tasks>
    <Task Class="VI.Transport.TagTransport, VI.Transport" Display="TagTransport">
      <Parameter Name="Costs">S4|C22|D0</Parameter>
      <Parameter Name="TaskPath">TagTransport</Parameter>
      <Parameter Name="LockTags">False</Parameter>
      <Parameter Name="UseRelations">True</Parameter>
    </Task>
  </Tasks>
  <Modules>
    <Module Id="CCC" Name="Customer configured content" Version="9.0.0.100" />
    <Module Id="QBM" Name="Configuration Module" Version="9.0.0.100" />
  </Modules>
</DBTransporter>